|Year|Brand|Company|Date|ProductDescription|Reason|Url|
|2021|Taro|Taro Pharmaceuticals USA, Inc.|12/30/2021|Clobetasol Propionate|Presence of Ralstonia pickettii bacteria|https://www.fda.gov/safety/recalls-market-withdrawals-safety-alerts/taro-pharmaceuticals-usa-issues-voluntary-nationwide-recall-clobetasol-propionate-ointment-usp-005|
|2021|HAIFA SMOKED FISH|HAIFA SMOKED FISH|12/29/2021|TURBOT COLD SMOKED|Potential for Listeria monocytogenes|https://www.fda.gov/safety/recalls-market-withdrawals-safety-alerts/haifa-smoked-fish-inc-expands-recall-turbot-cold-smoked-8-oz-package-lots-97-223-299-321-because|
|2021|Delizza|Poppies International, Inc.|12/29/2021|Cream Puffs|Possible presence of small metal fragements.|https://www.fda.gov/safety/recalls-market-withdrawals-safety-alerts/poppies-international-inc-battleboro-north-carolina-issues-voluntary-recall-certain-lots-chocolate|
|2021|Frozen Pacific Fusion Brand|Relish Foods, Inc.|12/29/2021|Tuna steaks|Elevated levels of histamine|https://www.fda.gov/safety/recalls-market-withdrawals-safety-alerts/relish-foods-inc-recalls-frozen-tuna-steaks-because-possible-health-risk|
|2021|Sienna|Dianne&#x27;s Fine Desserts|12/28/2021|Chocolate Decadent Brownies|Undeclared Tree Nut &#x28;Pecan&#x29;|https://www.fda.gov/safety/recalls-market-withdrawals-safety-alerts/diannes-fine-desserts-issues-allergy-alert-undeclared-pecan-allergen-siennar-chocolate-decadent|
|2021|Viona|Viona Pharmaceuticals, Inc.|12/28/2021|Metformin Hydrochloride Extended-Release Tablets|N-Nitrosodimethylamine &#x28;NDMA&#x29; Impurity|https://www.fda.gov/safety/recalls-market-withdrawals-safety-alerts/viona-pharmaceuticals-inc-issues-voluntary-nationwide-recall-metformin-hcl-extended-release-tablets-0|
|2021|Aplenty|SEVIROLI FOODS, INC.|12/27/2021|Rotini with Plant based Bolognese Meal Kit|Undeclared Milk|https://www.fda.gov/safety/recalls-market-withdrawals-safety-alerts/seviroli-foods-inc-garden-city-recalling-aplenty-rotini-plant-based-bolognese-meal-kit-due|
|2021|Fresh Express, Bowl and Basket, Giant Eagle, Marketside and Others|Fresh Express|12/27/2021|Multiple Fresh Salad Products|Possible Listeria monocytogenes.|https://www.fda.gov/safety/recalls-market-withdrawals-safety-alerts/fresh-express-announces-recall-fresh-salad-products-due-potential-health-risk|
|2021|Perrigo|Padagis|12/27/2021|Nitroglycerin Lingual Spray|Unit may not properly dispense medication.|https://www.fda.gov/safety/recalls-market-withdrawals-safety-alerts/padagis-issues-voluntary-nationwide-recall-nitroglycerin-lingual-spray-due-possible-defective|
|2021|Woody&#x27;s Pet Food Deli|Woody&#x2019;s Pet Food Deli|12/23/2021|Raw Cornish Hen pet food &#x201c;With Supplements&#x201d;|Potential Salmonella|https://www.fda.gov/safety/recalls-market-withdrawals-safety-alerts/woodys-pet-food-deli-recalls-raw-cornish-hen-pet-food-salmonella-health-risk|
|2021|Local Fixe LLC|Local Fixe LLC|12/22/2021|Lasagna, Noodles, Rolls, Pie Dough, Fettucine, and Tortillas|Undeclared Wheat|https://www.fda.gov/safety/recalls-market-withdrawals-safety-alerts/local-fixe-llc-issues-allergy-alert-undeclared-wheat-classic-lasagna-sheets-soup-noodles-dinner|
|2021|Joy&#x2019;s Gourmet|Joy&#x2019;s International Foods|12/22/2021|Bloody Mary Mix|Contains Undeclared Soy &#x26; Fish.|https://www.fda.gov/safety/recalls-market-withdrawals-safety-alerts/joys-international-foods-issues-allergy-alert-undeclared-soy-fish-joys-gourmet-bloody-mary-mix|
|2021|Dole, Ahold, Kroger, Lidl, and Others|Dole Fresh Vegetables Inc.|12/22/2021|Salads|Potential for Listeria monocytogenes|https://www.fda.gov/safety/recalls-market-withdrawals-safety-alerts/dole-fresh-vegetables-announces-voluntary-recall-salads-processed-its-bessemer-city-nc-and-yuma-az|
|2021|HAIFA SMOKED FISH|HAIFA SMOKED FISH|12/21/2021|TURBOT COLD SMOKED|Potential for Listeria monocytogenes|https://www.fda.gov/safety/recalls-market-withdrawals-safety-alerts/haifa-smoked-fish-inc-recalls-turbot-cold-smoked-8-oz-package-lot-246-because-possible-health-risk|
|2021|Dream Pops|Dream Pops|12/21/2021|Dream Pops Bites|May Contain Undeclared Milk|https://www.fda.gov/safety/recalls-market-withdrawals-safety-alerts/dream-pops-issues-allergy-alert-undeclared-milk-certain-lots-dream-pops-bites|
|2021|Nature&#x2019;s Own|Flowers Foods, Inc.|12/20/2021|Honey Wheat Bread &#x28;Single and 2 Pack&#x29;|Undeclared Milk|https://www.fda.gov/safety/recalls-market-withdrawals-safety-alerts/flowers-foods-issues-voluntary-recall-limited-quantity-natures-own-honey-wheat-bread-sold-six-states|
|2021|Bosket Bread|Bosket Bread Company|12/18/2021|Bread products|Undeclared soy, wheat, milk, sesame, or egg.|https://www.fda.gov/safety/recalls-market-withdrawals-safety-alerts/bosket-bread-company-issues-allergy-alert-undeclared-soy-wheat-milk-sesame-egg-bread|
|2021|Pantene, Aussie, Herbal Essences, Waterl&#x3c;ss, Old Spice, Hair Food|The Procter &#x26; Gamble Company|12/17/2021|aerosol dry conditioner spray products and aerosol dry shampoo spray products|Due to the presence of benzene detected|https://www.fda.gov/safety/recalls-market-withdrawals-safety-alerts/pg-issues-voluntary-recall-aerosol-dry-conditioner-spray-products-and-aerosol-dry-shampoo-spray|
|2021|Howling Cow|Maryland &#x26; Virginia Milk Producers Cooperative Association|12/13/2021|Howling Cow Butter Almond Ice Cream Pints|Undeclared Soy, Wheat|https://www.fda.gov/safety/recalls-market-withdrawals-safety-alerts/voluntary-recall-howling-cow-butter-almond-ice-cream-due-undeclared-soy-and-wheat|
|2021|GODAVARI|Bokhary Foods Inc.|12/10/2021|Dried Apricots|Undeclared Sulfites|https://www.fda.gov/safety/recalls-market-withdrawals-safety-alerts/bokhary-foods-inc-dba-ekta-foods-issues-alert-undeclared-sulfites-godavari-dried-apricots|
|2021|Rompe Pecho|Efficient Laboratories, Inc|12/10/2021|Liquid Cold &#x26; Flu symptom relief|Microbial contamination|https://www.fda.gov/safety/recalls-market-withdrawals-safety-alerts/efficient-laboratories-inc-expands-voluntary-nationwide-recall-consumers-include-twelve-additional|
|2021|Teligent Pharma, Inc.|Teligent Pharma, Inc.|12/07/2021|Lidocaine HCl Topical Solution USP 4&#x25;, 50ml|Super potent|https://www.fda.gov/safety/recalls-market-withdrawals-safety-alerts/teligent-pharma-incs-issues-worldwide-voluntary-recall-lidocaine-hcl-topical-solution-usp-4-due|
|2021|Edge Pharma, LLC|Edge Pharma, LLC|12/07/2021|All drugs compounded at Edge Pharma, LLC|Process issues that could lead to a lack of sterility assurance for products intended to be sterile and could impact the safety and quality of non-sterile products|https://www.fda.gov/safety/recalls-market-withdrawals-safety-alerts/edge-pharma-llc-issues-voluntary-nationwide-recall-all-drug-products-due-lack-sterility-assurance|
|2021|Dakota Toms|Dakota Toms|12/07/2021|Chicken Salad Croissant|Undeclared egg and milk|https://www.fda.gov/safety/recalls-market-withdrawals-safety-alerts/dakota-toms-issues-allergy-alert-undeclared-egg-and-milk-chicken-salad-croissant|
|2021|Gilead|Gilead Sciences Inc.|12/03/2021|Veklury&#xae; &#x28;remdesivir 100 mg for injection&#x29;|Presence of glass particulates|https://www.fda.gov/safety/recalls-market-withdrawals-safety-alerts/gilead-issues-voluntary-nationwide-recall-two-lots-vekluryr-remdesivir-due-presence-glass|
|2021|BUBS Naturals|Bubs Naturals|12/03/2021|Fountain of Youth Formula|Undeclared milk|https://www.fda.gov/safety/recalls-market-withdrawals-safety-alerts/bubs-naturals-recalling-two-lots-fountain-youth-collagen-powder-after-firm-testing-found-milk|
|2021|Sandoz|Sandoz, Inc.|12/02/2021|Enoxaparin Sodium Injection|Exposure to high temperatures may have impacted product effectiveness.|https://www.fda.gov/safety/recalls-market-withdrawals-safety-alerts/sandoz-inc-issues-nationwide-recall-one-lot-enoxaparin-sodium-injection-usp-40mg04-ml-due|
|2021|LivaOne and BioLifePet|Liva Global, Inc.|12/01/2021|Probiotics|Pseudomonas aeruginosa|https://www.fda.gov/safety/recalls-market-withdrawals-safety-alerts/livia-global-announces-voluntary-recall-two-lots-its-liviaone-liquid-probiotics-because-potential|
|2021|Arrow|Teleflex Incorporated|11/30/2021|Arrow-Trerotola&#x2122; Over-The-Wire PTD&#xae; Kit Percutaneous Thrombolytic Device&#x3a; 7FR|Inner lumen may detach from the device&#x2019;s basket|https://www.fda.gov/safety/recalls-market-withdrawals-safety-alerts/teleflex-incorporated-announces-worldwide-recall-arrow-trerotolatm-over-wire-ptdr-kit-percutaneous|
|2021|Al Kanater|International Golden Foods, Inc.|11/30/2021|Tahini|Salmonella|https://www.fda.gov/safety/recalls-market-withdrawals-safety-alerts/international-golden-foods-inc-igf-recalls-tahini-because-possible-health-risk|
|2021|Calise Bakery|Calise Bakery|11/29/2021|Golden Flax Seed Scala Bread|Undeclared sesame seeds|https://www.fda.gov/safety/recalls-market-withdrawals-safety-alerts/calise-sons-bakery-inc-recalls-golden-flax-scala-bread-because-possible-health-risk|
|2021|Birds Eye|Conagra Brands, Inc.|11/24/2021|Frozen Broccoli Tots|Potential presence of small rocks and metal|https://www.fda.gov/safety/recalls-market-withdrawals-safety-alerts/conagra-brands-issues-voluntary-recall-certain-birds-eye-broccoli-totsr-due-potential-presence-small|
|2021|TJ Farms Select|Flagship Food Group|11/24/2021|Frozen Cauliflower|Possible Listeria monocytogenes contamination|https://www.fda.gov/safety/recalls-market-withdrawals-safety-alerts/flagship-food-group-recalls-frozen-cauliflower-because-possible-health-risk|
|2021|H-E-B|Fischer and Wieser Specialty Foods|11/23/2021|H-E-B Tomato Basil Soup|Potential presence of glass|https://www.fda.gov/safety/recalls-market-withdrawals-safety-alerts/fischer-wieser-specialty-foods-issues-voluntary-recall-h-e-b-creamy-tomato-basil-soup|
|2021|Old Spice,&#xa0;Secret|The Proctor &#x26; Gamble Company|11/23/2021|Old Spice and Secret Aerosol Sprays|Due to the presence of benzene|https://www.fda.gov/safety/recalls-market-withdrawals-safety-alerts/pg-issues-voluntary-recall-specific-old-spice-and-secret-aerosol-spray-antiperspirants-and-old-spice|
|2021|Wel-Pac|JFC International, Inc.|11/23/2021|Shrimp Powdered Soup Stock|Undeclared fish allergen &#x28;bonito, sardine, tuna&#x29;|https://www.fda.gov/safety/recalls-market-withdrawals-safety-alerts/jfc-international-inc-issues-allergy-alert-undeclared-fish-bonito-sardine-tuna-wel-pac-shrimp-soup|
|2021|The Spice House|The Spice House|11/22/2021|Sichuan Chili BBQ Rub|Undeclared sesame|https://www.fda.gov/safety/recalls-market-withdrawals-safety-alerts/spice-house-issues-allergy-alert-undeclared-sesame-sichuan-chili-bbq-rub|
|2021|Sagent|Sagent Pharmaceuticals, Inc.|11/22/2021|Levetiracetam Injection|Lack of sterility assurance|https://www.fda.gov/safety/recalls-market-withdrawals-safety-alerts/sagent-pharmaceuticals-inc-issues-voluntary-nationwide-recall-levetiracetam-injection-usp-due-lack|
|2021|Country Time, Tang, Kool-Aid, Arizona Tea|Kraft Heinz|11/22/2021|Country Time Lemonade, Tang, Arizona Tea powdered beverages and Kool-Aid powdered beverage products|Potential presence of glass and metal|https://www.fda.gov/safety/recalls-market-withdrawals-safety-alerts/kraft-heinz-voluntarily-recalls-select-country-time-lemonade-tang-arizona-tea-powdered-beverages-and|
|2021|TaDah&#x21;|Tadah&#x21; Foods|11/22/2021|Spicy Brown Sugar Harissa Hummus|Undeclared milk allergen|https://www.fda.gov/safety/recalls-market-withdrawals-safety-alerts/tadah-foods-springfield-va-voluntarily-recalling-two-batches-production-spicy-brown-sugar-harissa|
|2021|Wilbur|Cargill|11/19/2021|Dark Chocolate Triple Covered Malted Milk Balls|Undeclared peanuts|https://www.fda.gov/safety/recalls-market-withdrawals-safety-alerts/cargill-voluntarily-recalls-469-one-pound-bags-wilbur-dark-chocolate-triple-covered-malted-milk|
|2021|American Screening|American Screening LLC|11/19/2021|Hand Sanitizer|Hand sanitizer is packaged in 8 oz. containers that resemble water bottles posing a risk of consumption|https://www.fda.gov/safety/recalls-market-withdrawals-safety-alerts/american-screening-llc-issues-voluntary-nationwide-recall-american-screening-hand-sanitizer-packaged|
|2021|Mountain Meadow Herbs|Mountain Meadow Herbs|11/17/2021|Candida Flush|Due to exploding bottle risk|https://www.fda.gov/safety/recalls-market-withdrawals-safety-alerts/mountain-meadow-herbs-recalls-supplement-product-due-exploding-bottle-risk|
|2021|Odor-Eaters&#xae;|Odor-Eaters&#xae;, owned by Blistex Inc.|11/17/2021|Oder Eaters spray products|Due to the presence of benzene|https://www.fda.gov/safety/recalls-market-withdrawals-safety-alerts/odor-eatersr-issues-voluntary-nationwide-recall-specific-lots-odor-eatersr-spray-powder-and-odor|
|2021|Salma,&#xa0;Casablanca|Spice N&#x2019; More Corp.|11/16/2021|Curry powder|Undeclared peanuts|https://www.fda.gov/safety/recalls-market-withdrawals-safety-alerts/spice-n-more-corp-issues-allergy-alert-undeclared-peanuts-all-salma-natural-curry-powder-salma|
|2021|SterRx, LLC|SterRx, LLC|11/15/2021|SterRx products intended to be sterile|Lack of sterility assurance|https://www.fda.gov/safety/recalls-market-withdrawals-safety-alerts/sterrx-llc-issues-voluntary-nationwide-recall-certain-sterrx-products|
|2021|Green Giant Fresh|Potandon Produce L.L.C|11/15/2021|Whole yellow and white onions|Potential to be contaminated with Salmonella|https://www.fda.gov/safety/recalls-market-withdrawals-safety-alerts/potandon-produce-updates-voluntary-recall-select-white-and-yellow-whole-onions-because-possible|
|2021|Alsum Farms &#x26; Produce Inc.|Alsum Farms &#x26; Produce, Inc.|11/15/2021|Whole yellow, white, red onions|Potential to be contaminated with Salmonella|https://www.fda.gov/safety/recalls-market-withdrawals-safety-alerts/alsum-farms-produce-voluntarily-recalls-select-yellow-white-and-red-onions-because-possible-health|
|2021|Aqua Nova, North Coast, Tony&#x2019;s|Oregon Lox Company|11/12/2021|Salmon Lox|Listeria monocytogenes contamination|https://www.fda.gov/safety/recalls-market-withdrawals-safety-alerts/oregon-lox-company-recalls-wild-cold-smoked-keta-salmon-lox-because-possible-health-risk|
|2021|Natural Delight Collection|ILG International Trading, Inc.|11/12/2021|Dried Apricots|Undeclared Sulfites|https://www.fda.gov/safety/recalls-market-withdrawals-safety-alerts/ilg-international-trading-inc-issues-alert-undeclared-sulfites-natural-delight-collection-natural|
|2021|Multiple brands|Nutracap Holdings, LLC|11/12/2021|Dietary Supplements|Undeclared Milk|https://www.fda.gov/safety/recalls-market-withdrawals-safety-alerts/nutracap-holdings-llc-issues-voluntary-recall-various-dietary-supplements-due-undeclared-milk|
|2021|Ellenos|Ellenos Real Greek Yogurt|11/11/2021|Mango Greek Yogurt|Undeclared Egg|https://www.fda.gov/safety/recalls-market-withdrawals-safety-alerts/ellenos-real-greek-issues-allergy-alert-undeclared-egg-mango-greek-yogurt-16-oz-cup|
|2021|Etedream, Vital Force, Raw, Boba Origin, Steel|Nutracap Holdings, LLC|11/09/2021|Dietary Supplement Protein Powder|Undeclared wheat, milk, soy and&#x2f;or coconut|https://www.fda.gov/safety/recalls-market-withdrawals-safety-alerts/nutracap-holdings-llc-issues-voluntary-recall-various-dietary-supplements-due-undeclared-wheat-milk|
|2021|Fisherman&#x2019;s Wharf|Southeastern Grocers|11/05/2021|Jumbo Cooked Shrimp, Frozen|Possible Listeria|https://www.fda.gov/safety/recalls-market-withdrawals-safety-alerts/southeastern-grocers-recalls-fishermans-wharf-brand-jumbo-cooked-shrimp-frozen-16-20-count-due|
|2021|Tastykake|Flowers Foods, Inc.|11/04/2021|Cupcakes and Krimpets|May contain metal mesh wire|https://www.fda.gov/safety/recalls-market-withdrawals-safety-alerts/amended-flowers-foods-issues-voluntary-recall-certain-tastykake-products-due-possible-presence-tiny|
|2021|Pier-C Produce|Pier-C Produce Inc|11/04/2021|Whole White Onions|Potential Salmonella|https://www.fda.gov/safety/recalls-market-withdrawals-safety-alerts/pier-c-produce-inc-recalls-2-lb-white-onions-product-mexico-because-possible-health-risk|
|2021|Herbal Doctor Brand|Murray Int&#x2019;l Trading|11/02/2021|Angelicae Sinensis|May contain elevated levels of lead and cadmium|https://www.fda.gov/safety/recalls-market-withdrawals-safety-alerts/murray-intl-trading-inc-voluntary-recalling-angelicae-sinensis-due-elevated-levels-lead-and-cadmium|
|2021|Ukrop&#x27;s|Ukrop&#x2019;s Homestyle Foods|11/01/2021|Green Salads and Chicken Caesar Wrap|May contain small pieces of brown plastic|https://www.fda.gov/safety/recalls-market-withdrawals-safety-alerts/ukrops-homestyle-foods-announces-voluntary-recall-six-green-salads-and-chicken-caesar-wrap|
|2021|Tastykake|Flowers Foods, Inc.|10/31/2021|cupcakes|Potential presence of tiny fragments of metal mesh wire|https://www.fda.gov/safety/recalls-market-withdrawals-safety-alerts/flowers-foods-issues-voluntary-recall-certain-tastykake-multi-pack-cupcakes-sold-eight-states-due|
|2021|Dole &#x26; others|Dole Fresh Vegetables, Inc.|10/29/2021|garden salad|Potential contamination with Listeria monocytogenes|https://www.fda.gov/safety/recalls-market-withdrawals-safety-alerts/dole-fresh-vegetables-announces-precautionary-limited-recall-garden-classic-salads-possible|
|2021|MaryRuth&#x2019;s|MaryRuth&#x2019;s|10/29/2021|liquid probiotic for infants|Potential contamination with Pseudomonas aeruginosa|https://www.fda.gov/safety/recalls-market-withdrawals-safety-alerts/out-abundance-caution-maryruths-announces-voluntary-recall-two-lots-its-liquid-probiotic-infants|
|2021|Cardinal Health&#x2019;s Monoject&#x2122;|Windstone Medical Packaging dba Aligned Medical Solutions|10/27/2021|Flush Prefilled Saline Syringes|Potential for the plunger to draw back after the air has been expelled and reintroduced air back into the syringe|https://www.fda.gov/safety/recalls-market-withdrawals-safety-alerts/windstone-medical-packaging-dba-aligned-medical-solutions-issues-nationwide-recall-cardinal-healths|
|2021|Purina|Purina Animal Nutrition|10/27/2021|Supplement feed for cattle livestock and for wildlife such as deer, antelope, and wild sheep|potential of elevated urea levels|https://www.fda.gov/safety/recalls-market-withdrawals-safety-alerts/purinar-animal-nutrition-voluntarily-recalling-limited-lots-purina-cattle-and-wildlife-feed-due|
|2021|Bobo&#x2019;s|Bobo&#x2019;s|10/27/2021|Almond butter bars|Contain undeclared peanuts|https://www.fda.gov/safety/recalls-market-withdrawals-safety-alerts/bobos-issues-voluntary-allergy-alert-undeclared-peanuts-almond-butter-bars|
|2021|artnaturals|artnaturals|10/27/2021|Scent Free Hand Sanitizer|Due to Presence of Impurities|https://www.fda.gov/safety/recalls-market-withdrawals-safety-alerts/artnaturalsr-issues-voluntary-recall-limited-batches-8oz-bottles-scent-free-hand-sanitizer-due|
|2021|Green Giant|Potandon Produce LLC|10/26/2021|Yellow and white onions|Potential Salmonella contamination|https://www.fda.gov/safety/recalls-market-withdrawals-safety-alerts/potandon-produce-voluntarily-recalls-select-white-and-yellow-whole-onions-because-possible-health|
|2021|Cedar&#x2019;s|Cedar&#x2019;s Mediterranean Foods|10/25/2021|Organic Mediterranean Hommus|Undeclared pine nut|https://www.fda.gov/safety/recalls-market-withdrawals-safety-alerts/cedars-mediterranean-foods-issues-allergy-alert-undeclared-pine-nut-10-oz-organic-mediterranean|
|2021|EveryPlate|EveryPlate|10/23/2021|Onions in Meal Kits|Potential Salmonella Contamination|https://www.fda.gov/safety/recalls-market-withdrawals-safety-alerts/everyplate-issues-recall-notice-products-containing-onions-due-possible-health-risk|
|2021|HelloFresh|HelloFresh|10/23/2021|Onions in Meal Kits|Potential Salmonella Contamination|https://www.fda.gov/safety/recalls-market-withdrawals-safety-alerts/hellofresh-issues-recall-notice-products-containing-onions-due-possible-health-risk|
|2021|Green Giant|Potandon Produce LLC|10/23/2021|Red, yellow, and white onions|Potential Salmonella Contamination|https://www.fda.gov/safety/recalls-market-withdrawals-safety-alerts/potandon-produce-voluntarily-recalls-select-red-white-and-yellow-whole-onions-because-possible|
|2021|MVP|Keeler Family Farms|10/22/2021|Red, yellow, and white onions|Potential Salmonella Contamination|https://www.fda.gov/safety/recalls-market-withdrawals-safety-alerts/keeler-family-farms-recalls-red-white-and-yellow-onions-due-possible-health-risk|
|2021|Smilin&#x2019; Bob&#x2019;s|Smilin&#x2019; Bob&#x2019;s|10/21/2021|Smoked Fish Dip|Undeclared egg allergen|https://www.fda.gov/safety/recalls-market-withdrawals-safety-alerts/smilin-bobs-issues-allergy-alert-undeclared-egg-smilin-bobs-smoked-fish-dip-products|
|2021|Big Bull, Peak Fresh Produce, Sierra Madre, Markon First Crop., Markon Essentials, Rio Blue, ProSource, Rio Valley, and Sysco Imperial|ProSource Produce LLC|10/21/2021|Whole raw red, yellow, white onions|Potential Salmonella Contamination|https://www.fda.gov/safety/recalls-market-withdrawals-safety-alerts/prosource-produce-llc-voluntarily-recalls-whole-raw-onions-shipped-chihuahua-mexico-between-july-1|
|2021|CUBICIN|Merck|10/20/2021|Daptomycin for injection 500mg|Product contains particulate matter identified as glass|https://www.fda.gov/safety/recalls-market-withdrawals-safety-alerts/merck-issues-voluntary-nationwide-recall-cubicinr-daptomycin-injection-500-mg-lot-934778-due|
|2021|Cook Medical|Cook Medical|10/19/2021|Transseptal Needle and Transseptal Needle Catheter|Complaints of rust on the products|https://www.fda.gov/safety/recalls-market-withdrawals-safety-alerts/cook-medical-issues-voluntary-recall-transseptal-needle-and-transseptal-needle-catheter|
|2021|Bryant Ranch Prepack|Bryant Ranch Prepack|10/19/2021|Methocarbamol 500mg|Bottles labeled as Methocarbamol 500mg tablets were found to contain Methocarbamol 750mg tablets.|https://www.fda.gov/safety/recalls-market-withdrawals-safety-alerts/bryant-ranch-prepack-issues-voluntary-nationwide-recall-methocarbamol-500mg-bottles-due-mislabeling|
|2021|Ivar&#x2019;s|Ivar&#x2019;s Soup and Sauce Company|10/19/2021|Kettle Classic Clam Chowder with Uncured Bacon|Potential for hard plastic opaque pieces|https://www.fda.gov/safety/recalls-market-withdrawals-safety-alerts/ivars-soup-and-sauce-company-recalls-kettle-classic-clam-chowder-uncured-bacon-because-product-may|
|2021|Lupin|Lupin Pharmaceuticals, Inc.|10/14/2021|Irbesartan and Hydrochlorothiazide Tablets USP, 150mg&#x2f;12.5 mg and 300mg&#x2f;12.5 mg|API batches above the specification limit for the impurity, N-nitrosoirbesartan|https://www.fda.gov/safety/recalls-market-withdrawals-safety-alerts/lupin-pharmaceuticals-inc-issues-voluntarily-nationwide-recall-all-irbesartan-tablets-and-irbesartan|
|2021|Teligent Pharma, Inc.|Teligent Pharma, Inc.|10/12/2021|Lidocaine Hydrochloride Topical Solution USP 4&#x25; &#x28;40 mg&#x2f;mL&#x29;|Super Potent|https://www.fda.gov/safety/recalls-market-withdrawals-safety-alerts/teligent-pharma-incs-issues-worldwide-voluntary-recall-lidocaine-hcl-topical-solution-4-due-super|
|2021|Nutri Source|Tuffy&#x2019;s Pet Foods, Inc.|10/12/2021|Pure Vita Salmon Entr&#xe9;e Dog Food|Elevated Levels of Vitamin D|https://www.fda.gov/safety/recalls-market-withdrawals-safety-alerts/tuffys-pet-foods-inc-issues-voluntary-recall-limited-quantity-pure-vita-salmon-entree-dog-food|
|2021|Nature&#x2019;s Heart|Nestl&#xe9; Professional|10/09/2021|Fruit and trail mix products|Undeclared peanuts|https://www.fda.gov/safety/recalls-market-withdrawals-safety-alerts/nestle-professional-issues-allergy-alert-undeclared-peanuts-natures-heart-15-ounce-products|
|2021|Parent&#x2019;s Choice|Maple Island Inc.|10/08/2021|Rice Baby Cereal|Tested above the guidance for naturally occurring inorganic arsenic.|https://www.fda.gov/safety/recalls-market-withdrawals-safety-alerts/maple-island-inc-issues-voluntary-recall-three-lots-parents-choice-rice-baby-cereal|
|2021|Northeast Seafood Products|Northeast Seafood Products|10/08/2021|Raw, fresh seafood|Potential for Salmonella|https://www.fda.gov/safety/recalls-market-withdrawals-safety-alerts/northeast-seafood-products-recalls-seafood-products-because-possible-health-risk|
|2021|Fullei Fresh|Fullei Fresh|10/07/2021|Bean Sprouts and Soy Sprouts|Listeria monocytogenes|https://www.fda.gov/safety/recalls-market-withdrawals-safety-alerts/urgent-bean-and-soy-sprout-voluntary-recall|
|2021|Simple Mills|Simple Mills|10/07/2021|Fine Ground Sea Salt Almond Flour Crackers|Undeclared milk|https://www.fda.gov/safety/recalls-market-withdrawals-safety-alerts/simple-mills-issues-voluntary-recall-select-number-lots-fine-ground-sea-salt-almond-flour-crackers|
|2021|Chocolate and the Chip|Chocolate and the Chip|10/06/2021|Bakery Products|Undeclared allergens &#x28;wheat, milk, soy, tree nuts&#x29;|https://www.fda.gov/safety/recalls-market-withdrawals-safety-alerts/chocolate-and-chip-llc-issues-allergy-alert-undeclared-allergens-bakery-products|
|2021|Greenhead|Greenhead Lobster Products|10/02/2021|Frozen cooked wild caught lobster meat|Potential contamination with Listeria monocytogenes|https://www.fda.gov/safety/recalls-market-withdrawals-safety-alerts/greenhead-lobster-products-recalls-frozen-cooked-lobster-products-because-possible-health-risk|
|2021|Lotrimin&#xae; AF and Tinactin&#xae;|Bayer U.S. LLC|10/01/2021|Over the Counter &#x28;OTC&#x29; antifungal spray products|Presence of benzene|https://www.fda.gov/safety/recalls-market-withdrawals-safety-alerts/bayer-issues-voluntary-recall-specific-lotriminr-and-tinactinr-spray-products-due-presence-benzene|
|2021|Fromm Four-Star Nutritionals|Fromm Family Foods|10/01/2021|Shredded Entr&#xe9;e canned dog food|Elevated levels of Vitamin D|https://www.fda.gov/safety/recalls-market-withdrawals-safety-alerts/fromm-family-foods-voluntarily-recalls-four-star-shredded-entree-canned-food-dogs-due-elevated|
|2021|Coppertone|Coppertone, owned by Beiersdorf|09/30/2021|Coppertone aerosol sunscreen spray products|Presence of benzene|https://www.fda.gov/safety/recalls-market-withdrawals-safety-alerts/coppertoner-issues-voluntary-nationwide-recall-specific-lots-pure-simple-spf-50-spray-2021-launch|
|2021|Tone&#x2019;s|B&#x26;G Foods Inc.|09/30/2021|Taco Seasoning Blend|Undeclared wheat|https://www.fda.gov/safety/recalls-market-withdrawals-safety-alerts/bg-foods-issues-voluntary-allergy-alert-undeclared-wheat-limited-number-cases-tonesr-taco-seasoning|
|2021|Vemondo by Lidl|Cuisine Innovations Unlimited, LLC|09/28/2021|Vegan Crabless Mini Crabcakes|Undeclared egg yolks|https://www.fda.gov/safety/recalls-market-withdrawals-safety-alerts/cuisine-innovations-unlimited-llc-issues-allergy-alert-undeclared-egg-yolks-vemondo-vegan-crabless|
|2021|Picket Fence Creamery, LLC|Picket Fence Creamery, LLC|09/27/2021|taco white cheddar cheese curds and key lime pie ice cream|Undeclared wheat|https://www.fda.gov/safety/recalls-market-withdrawals-safety-alerts/allergy-alert-undeclared-wheat-cheese-curds-and-ice-cream|
|2021|Lilly|Eli Lilly and Company|09/26/2021|Glucagon Emergency Kit|Loss of potency|https://www.fda.gov/safety/recalls-market-withdrawals-safety-alerts/eli-lilly-and-company-issues-voluntary-nationwide-recall-one-lot-glucagonr-emergency-kit-due-loss|
|2021|Multiple brand names|SunTree Snack Foods, LLC|09/24/2021|Roasted salted cashew halves &#x26; pieces and trail mix containing roasted salted cashews|Potential presence of glass pieces.|https://www.fda.gov/safety/recalls-market-withdrawals-safety-alerts/suntree-snack-foods-llc-issues-voluntary-recall-roasted-salted-cashew-halves-pieces-and-trail-mix|
|2021|Whole Foods Market|Whole Foods Market|09/24/2021|Apple Pie and Cherry Pie|Undeclared milk and eggs|https://www.fda.gov/safety/recalls-market-withdrawals-safety-alerts/allergy-alert-issued-undeclared-milk-and-egg-apple-and-cherry-pies-sold-five-whole-foods-market|
|2021|IntegraDose Compounding Services, LLC|IntegraDose Compounding Services, LLC|09/21/2021|Cefazolin|Lack of sterility assurance.|https://www.fda.gov/safety/recalls-market-withdrawals-safety-alerts/integradose-compounding-services-llc-issues-voluntary-nationwide-recall-cefazolin-injection-products|
|2021|Green Field Farms|Green Field Farms Dairy|09/20/2021|Whole chocolate milk|Product was not effectively pasteurized.|https://www.fda.gov/safety/recalls-market-withdrawals-safety-alerts/green-field-farms-dairy-issues-voluntary-recall-whole-chocolate-milk|
|2021|Joy|Joy Gourmet Foods Inc.|09/18/2021|Coriander Chutney|Undeclared Sulfites, Coconut, FD&#x26;C Yellow &#x23;5|https://www.fda.gov/safety/recalls-market-withdrawals-safety-alerts/joy-gourmet-foods-llc-issues-allergy-alert-undeclared-sulfites-coconut-and-fdc-yellow5|
|2021|Baker Farms, Kroger &#x26; SEG Grocers|Baker Farms|09/17/2021|Bagged Kale|Potential of Listeria monocytogenes|https://www.fda.gov/safety/recalls-market-withdrawals-safety-alerts/updated-baker-farms-recalls-various-brand-name-kale-due-listeria-monocytogenes-contamination|
|2021|CHANTIX|Pfizer|09/16/2021|Varenicline tablets|N-nitroso-varenicline above acceptable daily intake level|https://www.fda.gov/safety/recalls-market-withdrawals-safety-alerts/pfizer-expands-voluntary-nationwide-recall-include-all-lots-chantixr-varenicline-tablets-due-n|
|2021|Kroger|The Kroger Co|09/16/2021|Bagged Kale Product|Listeria monocytogenes|https://www.fda.gov/safety/recalls-market-withdrawals-safety-alerts/kroger-co-issues-voluntarily-recall-16-ounce-kroger-bagged-kale-due-possible-listeria-monocytogenes|
|2021|Simply Nature|Drew&#x2019;s Organics, LLC|09/16/2021|Organic Poppy Seed Dressing|Potential for microbial growth|https://www.fda.gov/safety/recalls-market-withdrawals-safety-alerts/drews-organics-llc-issues-voluntary-recall-aldi-simply-nature-organic-poppy-seed-dressing-potential|
|2021|Buurma|Buurma Farms Inc.|09/15/2021|Plain &#x28;Flat Leaf&#x29; Parsley|May contain Shiga-toxin producing E.coli|https://www.fda.gov/safety/recalls-market-withdrawals-safety-alerts/buurma-farms-inc-recalls-plain-flat-parsley-due-possible-health-risks|
|2021|Velvet|Velvet Ice Cream|09/14/2021|Raspberry Fudge Cordial Ice Cream|May contain undeclared peanuts|https://www.fda.gov/safety/recalls-market-withdrawals-safety-alerts/velvet-ice-cream-voluntarily-recalls-raspberry-fudge-cordial-ice-cream-due-undeclared-peanuts|
|2021|H-E-B|SEVIROLI FOODS, INC.|09/14/2021|Jumbo Stuffed Shells|Presence of foreign material &#x28;metal&#x29;|https://www.fda.gov/safety/recalls-market-withdrawals-safety-alerts/seviroli-foods-voluntarily-issues-recall-h-e-b-jumbo-stuffed-shells-22-oz-due-potential-presence|
|2021|Ruzurgi&#xae;|Jacobus Pharmaceutical Company Inc.|09/13/2021|Ruzurgi&#xae; &#x28;amifampridine&#x29; 10 mg tablets|Exceeds Specification for Total Yeast and Mold Counts|https://www.fda.gov/safety/recalls-market-withdrawals-safety-alerts/jacobus-pharmaceutical-company-inc-issues-voluntary-worldwide-recall-ruzurgir-amifampridine-10-mg|
|2021|Little Debbie&#xae;|McKee Foods|09/11/2021|Mini Nutty Buddy Cookie Bites Sandwich Cookies|Undeclared pecans|https://www.fda.gov/safety/recalls-market-withdrawals-safety-alerts/mckee-foods-issues-allergy-alert-undeclared-pecans-little-debbier-mini-nutty-buddy-cookie-bites|
|2021|Dole|Dole Fresh Vegetables, Inc.|09/10/2021|Curly leaf parsley|Non-O157 Shiga-toxin producing E. coli|https://www.fda.gov/safety/recalls-market-withdrawals-safety-alerts/dole-fresh-vegetables-announces-precautionary-limited-recall-curly-leaf-parsley-due-possible|
|2021|Azurity|Azurity Pharmaceuticals, Inc.|09/08/2021|Firvanq|Product kit may contain incorrect diluent.|https://www.fda.gov/safety/recalls-market-withdrawals-safety-alerts/azurity-pharmaceuticals-inc-issues-voluntary-nationwide-recall-one-lot-firvanqr-vancomycin|
|2021|Hospira|ICU Medical, Inc.|09/07/2021|Aminosyn II, 15&#x25;, An Amino Acid Injection, Sulfite|Presence of visible particulate matter|https://www.fda.gov/safety/recalls-market-withdrawals-safety-alerts/icu-medical-issues-voluntary-nationwide-recall-aminosyn-ii-15-amino-acid-injection-sulfite-free-iv|
|2021|Teligent|Teligent Pharma, Inc.|09/03/2021|Lidocaine HCl Topical Solution 4&#x25;|Super potency|https://www.fda.gov/safety/recalls-market-withdrawals-safety-alerts/teligent-pharma-incs-issues-voluntary-recall-lidocaine-hcl-topical-solution-4-lot-14218-exp-092022|
|2021|Meridian Bioscience, Inc.|Meridian Bioscience, Inc.|09/02/2021|LeadCare&#xae; Test Kits|LeadCare Test Kits lots could potentially underestimate blood lead levels when processing patient blood samples|https://www.fda.gov/safety/recalls-market-withdrawals-safety-alerts/magellan-diagnostics-inc-expands-voluntary-recall-leadcarer-test-kits|
|2021|Weis Markets|Weis Markets|09/02/2021|Crab Cake Meal|Undeclared milk|https://www.fda.gov/safety/recalls-market-withdrawals-safety-alerts/weis-markets-issues-allergy-alert-7-crab-cake-meal-due-undeclared-milk-allergen|
|2021|The Baking Institute Bakery Co.|The Baking Institute Bakery Co.|09/02/2021|Carrot Cake|Undeclared walnuts, coconuts and milk|https://www.fda.gov/safety/recalls-market-withdrawals-safety-alerts/baking-institute-bakery-co-issues-allergen-alert-undeclared-walnuts-coconuts-and-milk-carrot-cake|
|2021|Banoful|KBF Inc.|08/31/2021|Banoful Top Orange Biscuit|Undeclared milk|https://www.fda.gov/safety/recalls-market-withdrawals-safety-alerts/kbf-inc-issues-allergy-alert-undeclared-milk-allergens-banoful-top-orange-biscuit|
|2021|Teligent|Teligent Pharma, Inc.|08/30/2021|Lidocaine HCl Topical Solution 4&#x25;|Super potency|https://www.fda.gov/safety/recalls-market-withdrawals-safety-alerts/teligent-pharma-incs-issues-voluntary-recall-lidocaine-hcl-topical-solution-4-lot-14218-exp-092022|
|2021|Rocky Top Farms|Rocky Top Farms|08/30/2021|Cherry Butter|Undeclared milk|https://www.fda.gov/safety/recalls-market-withdrawals-safety-alerts/rocky-top-farms-issues-allergy-alert-undeclared-milk-cherry-butter|
|2021|Top Quality Dog Food.com|Top Quality Dog Food|08/26/2021|Beef HVM|Potential Salmonella &#x26; Listeria monocytogenes contamination|https://www.fda.gov/safety/recalls-market-withdrawals-safety-alerts/top-quality-dog-food-recalls-batch-beef-hvm-1-pound-packages-lot-number-071521-because-possible|
|2021|Jimbo&#x2019;s Kitchen dba New England Cupboard|Jimbo&#x2019;s|08/25/2021|Bloody Mary Mix|Undeclared Soy, Wheat, &#x26; Sulfites|https://www.fda.gov/safety/recalls-market-withdrawals-safety-alerts/jimbos-kitchen-dba-new-england-cupboard-issues-allergy-alert-jimbos-bloody-mary-mix|
|2021|Spectrum IQ|Baxter International Inc.|08/24/2021|Infusion Pumps|Multiple Connectivity Errors|https://www.fda.gov/safety/recalls-market-withdrawals-safety-alerts/baxter-issues-urgent-medical-device-correction-all-spectrum-iq-infusion-pumps-reinforce-important|
|2021|Loki Fish Co.|Loki Fish Company|08/23/2021|Keta Salmon Lox|Listeria monocytogenes|https://www.fda.gov/safety/recalls-market-withdrawals-safety-alerts/loki-fish-company-recalls-keta-salmon-lox-because-possible-health-risk|
|2021|Monoject|Cardinal Health|08/20/2021|Flush Prefilled Saline Syringes|Products have been found to reintroduce air into the syringe after the air has been expelled|https://www.fda.gov/safety/recalls-market-withdrawals-safety-alerts/cardinal-health-issues-nationwide-recall-select-monojecttm-flush-prefilled-saline-syringes|
|2021|Hostess|Hostess Brands, LLC|08/16/2021|Hamburger and Hot Dog Buns|Listeria monocytogenes and Salmonella|https://www.fda.gov/safety/recalls-market-withdrawals-safety-alerts/voluntary-recall-hostessr-hamburger-buns-hot-dog-buns-due-possible-health-risks|
|2021|CHANTIX|Pfizer|08/16/2021|Smoking cessation treatment|N-Nitroso Varenicline content above acceptable daily intake level|https://www.fda.gov/safety/recalls-market-withdrawals-safety-alerts/pfizer-expands-voluntary-nationwide-recall-include-four-additional-lots-chantixr-varenicline-tablets|
|2021|Gordon Choice|RMH Foods, LLC|08/16/2021|Deli Style Tuna and Chicken Salads|Undeclared tuna and wheat|https://www.fda.gov/safety/recalls-market-withdrawals-safety-alerts/rmh-foods-llc-issues-allergy-alert-undeclared-wheat-and-tuna-gordon-choicer-deli-style-tuna-and|
|2021|Genji Pacific LLC.|Genji Pacific LLC.|08/14/2021|sushi containing cocktail shrimp|Salmonella|https://www.fda.gov/safety/recalls-market-withdrawals-safety-alerts/genji-pacific-llc-alert-shrimp-sushi-rolls-relation-shrimp-recall-initiated-avanti-frozen-foods-due|
|2021|Mai Cuisine Inc.|Mai Cuisine Inc.|08/14/2021|Shrimp Tempura Kabuki Roll|Salmonella|https://www.fda.gov/safety/recalls-market-withdrawals-safety-alerts/mai-cuisine-inc-alert-shrimp-sushi-rolls-relation-shrimp-recall-initiated-avanti-frozen-foods-due|
|2021|Mai Franchising Inc.|Mai Franchising Inc.|08/14/2021|sushi containing cocktail shrimp|Salmonella|https://www.fda.gov/safety/recalls-market-withdrawals-safety-alerts/mai-franchising-inc-alert-shrimp-sushi-rolls-relation-shrimp-recall-initiated-avanti-frozen-foods|
|2021|Various&#x3a; Big River, 365, Seacove, Ahold, Censea, First Street, Meijer and others|Avanti Frozen Foods Pvt. Ltd|08/13/2021|Frozen cooked, peeled and deveined, tail on shrimp|Potential to be contaminated with Salmonella|https://www.fda.gov/safety/recalls-market-withdrawals-safety-alerts/avanti-frozen-foods-expands-recall-frozen-cooked-shrimp-because-possible-health-risk|
|2021|Simply Nourish|Wet Noses Natural Dog Treat Company|08/13/2021|Frozen dog food|Due to elevated levels of Vitamin D|https://www.fda.gov/safety/recalls-market-withdrawals-safety-alerts/wet-noses-natural-dog-treat-companyr-voluntarily-recalls-simply-nourish-brand-frozen-dog-food-due|
|2021|Marketside|Jimmy&#x2019;s Cookies LLC|08/12/2021|Chocolate Candy Cookie Cake|May contain undeclared peanuts|https://www.fda.gov/safety/recalls-market-withdrawals-safety-alerts/jimmys-cookies-llc-issues-allergy-alert-undeclared-peanuts-marketside-chocolate-candy-cookie-cake|
|2021|Max Health|Ebay Seller-John Nguyen|08/11/2021|Hydro Pineapple Burn|undeclared sibutramine|https://www.fda.gov/safety/recalls-market-withdrawals-safety-alerts/jongu-4308-issues-voluntary-nationwide-recall-hydro-pineapple-burn-due-presence-undeclared|
|2021|Lay&#x2019;s|Frito-Lay|08/11/2021|Wavy Lay&#x2019;s Original Potato Chips|Undeclared milk|https://www.fda.gov/safety/recalls-market-withdrawals-safety-alerts/frito-lay-issues-limited-voluntary-recall-undeclared-milk-wavy-lays-original-potato-chips|
|2021|Ballreich&#x2019;s|Ballreich Snack Food Co.|08/10/2021|BAR-B-Q Potato Chips|Salmonella|https://www.fda.gov/safety/recalls-market-withdrawals-safety-alerts/ballreich-snack-food-company-recalls-bar-b-q-seasoned-potato-chips-because-possible-health-risk|
|2021|SterRx, LLC|SterRx, LLC|08/10/2021|Sodium Bicarbonate in 5&#x25; Dextrose Injection 150mEq per 1,000 mL|Due to waterborne microbial contamination|https://www.fda.gov/safety/recalls-market-withdrawals-safety-alerts/sterrx-llc-issues-voluntary-nationwide-recall-sodium-bicarbonate-5-dextrose-injection-150meq-1000-ml|
|2021|HiPP,&#xa0;Holle,&#xa0;Bioland,&#xa0;Kendamil|Able Groupe|08/08/2021|Products labeled as infant formula|Products do not meet FDA requirements.|https://www.fda.gov/safety/recalls-market-withdrawals-safety-alerts/able-groupe-recalling-products-labeled-infant-formula-formulas-have-insufficient-iron-levels|
|2021|KVK Tech, Inc.|KVK Tech, Inc.|08/06/2021|Atovaquone Oral Suspension, USP 750 mg&#x2f;5mL|Temperature abuse|https://www.fda.gov/safety/recalls-market-withdrawals-safety-alerts/kvk-tech-inc-issues-voluntary-nationwide-recall-atovaquone-oral-suspension-usp-750-mg5ml-due|
|2021|DSD Merchandisers|DSD Merchandisers, Inc.|08/04/2021|Dark Chocolate Malt Balls|Undeclared peanuts|https://www.fda.gov/safety/recalls-market-withdrawals-safety-alerts/dsd-merchandisers-inc-issues-allergy-alert-undeclared-peanuts-dark-chocolate-malt-balls-9oz-tub|
|2021|Multiple brand names|Eco-Med Pharmaceutical|08/04/2021|Ultrasound Gel|Product is contaminated with bacteria &#x28;Burkholderia cepacia complex&#x29;|https://www.fda.gov/safety/recalls-market-withdrawals-safety-alerts/eco-med-pharmaceutical-issues-voluntary-recall-eco-gel-200|
|2021|BD|Becton, Dickinson and Company|08/02/2021|Alaris System|Infusion pump may not operate as expected|https://www.fda.gov/safety/recalls-market-withdrawals-safety-alerts/bd-begin-remediation-bd-alaristm-system-software|
|2021|365 Skinny|Je Dois L&#x2019;avoir Boutique|08/02/2021|High Intensity Pills and Emergency Boutique|Product contains sibutramine|https://www.fda.gov/safety/recalls-market-withdrawals-safety-alerts/je-dois-lavoir-boutique-issues-voluntary-nationwide-recall-365-skinny-high-intensity-and-365-skinny|
|2021|Nature&#x27;s Sunshine|Nature&#x27;s Sunshine|08/02/2021|Love &#x26; Peas Protein Rich Meal Replacement|Undeclared milk|https://www.fda.gov/safety/recalls-market-withdrawals-safety-alerts/natures-sunshine-issued-allergy-alert-undeclared-milk-its-love-peas-meal-replacement-shake|
|2021|Golden Natural Product Inc.|Golden Natural Product Inc.|08/02/2021|Dried Apricot|Undeclared sulfites|https://www.fda.gov/safety/recalls-market-withdrawals-safety-alerts/golden-natural-products-inc-issues-allergy-alert-undeclared-sulfites-two-dried-apricot-products|
|2021|Triumph, Evolve, Nature Farms, Elm and others|Sunshine Mills, Inc.|07/29/2021|Dog Food|Elevated Levels of Aflatoxin|https://www.fda.gov/safety/recalls-market-withdrawals-safety-alerts/sunshine-mills-inc-issues-voluntary-recall-certain-products-due-potentially-elevated-levels|
|2021|Cahill&#x2019;s Farm Cheese,&#xa0;Lidl|Cahill&#x2019;s Farm Cheese|07/29/2021|Cheddar Cheese|Potential Listeria monocytogenes|https://www.fda.gov/safety/recalls-market-withdrawals-safety-alerts/cahills-farm-cheese-recalls-specialty-cheddar-cheese-due-possible-health-risk|
|2021|BrightFarms|BrightFarms|07/28/2021|Baby Spinach|Potential for Salmonella|https://www.fda.gov/safety/recalls-market-withdrawals-safety-alerts/brightfarms-announces-voluntary-recall-expansion-packaged-salad-greens-sold-illinois-wisconsin-iowa|
|2021|McCormick and Frank&#x2019;s|McCormick &#x26; Company, Inc.|07/27/2021|Italian Seasonings and RedHot Buffalo Ranch Seasoning|Potential for Salmonella|https://www.fda.gov/safety/recalls-market-withdrawals-safety-alerts/voluntary-recall-notice-mccormick-italian-seasoning-products-and-franks-redhot-buffalo-ranch|
|2021|Cahill|Whole Foods Market|07/27/2021|Cheddar cheese products|Potential Listeria monocytogenes|https://www.fda.gov/safety/recalls-market-withdrawals-safety-alerts/cahill-cheddar-cheeses-voluntarily-recalled-44-whole-foods-market-stores-due-possible-health-risk|
|2021|Haen Meats|Excalibur Seasoning Company|07/26/2021|1959 House Blend &#x28;Seasoning&#x29;|Potential Listeria monocytogenes|https://www.fda.gov/safety/recalls-market-withdrawals-safety-alerts/excalibur-seasoning-company-recalls-seasoning-blend-because-possible-health-risk|
|2021|Old Soul&#x27;s Farms LLC|Old Soul&#x27;s Farms LLC|07/26/2021|Greenhouse leafy green products|Listeria monocytogenes|https://www.fda.gov/safety/recalls-market-withdrawals-safety-alerts/old-souls-farms-llc-recalls-leafy-green-products-due-possible-health-risk|
|2021|Grimmway Farms and others|Grimmway Farms|07/22/2021|Carrot products|Salmonella|https://www.fda.gov/safety/recalls-market-withdrawals-safety-alerts/grimmway-farms-voluntarily-recalls-certain-retail-packaged-carrots-due-potential-salmonella|
|2021|Backroad Country|Lipari Foods|07/22/2021|Dried Apricots|Undeclared Sulfites|https://www.fda.gov/safety/recalls-market-withdrawals-safety-alerts/lipari-foods-expands-recall-dried-apricots-because-they-may-contain-undeclared-sulfites|
|2021|HIS|HIS|07/22/2021|Dietary Supplement for Weight Loss|Undeclared Sibutramine|https://www.fda.gov/safety/recalls-market-withdrawals-safety-alerts/his-issues-voluntary-nationwide-recall-miss-slim-due-presence-undeclared-sibutramine|
|2021|BrightFarms|BrightFarms|07/21/2021|Salad greens|Salmonella|https://www.fda.gov/safety/recalls-market-withdrawals-safety-alerts/brightfarms-announces-voluntary-recall-packaged-salad-greens-sold-illinois-wisconsin-iowa-indiana|
|2021|Uncle Wally&#x27;s and multiple other brands|Give and Go Prepared Foods Corp.|07/20/2021|muffin products|Potential Listeria monocytogenes contamination|https://www.fda.gov/safety/recalls-market-withdrawals-safety-alerts/give-and-go-prepared-foods-usa-corp-conducts-voluntary-recall-certain-muffin-products-due-possible|
|2021|Backroad Country|Lipari Foods|07/20/2021|Dried Apricots|Undeclared Sulfites|https://www.fda.gov/safety/recalls-market-withdrawals-safety-alerts/lipari-foods-recalling-dried-apricots-because-they-may-contain-undeclared-sulfites|
|2021|CHANTIX|Pfizer|07/19/2021|Smoking cessation treatment|N-Nitroso Varenicline content above ADI level|https://www.fda.gov/safety/recalls-market-withdrawals-safety-alerts/pfizer-issues-voluntary-nationwide-recall-twelve-lots-chantixr-varenicline-tablets-due-n-nitroso|
|2021|Alpha Male Plus|Alpha Male Plus|07/19/2021|Alpha Male Plus Male Enhancer fruit chew|Undeclared Tadalafil|https://www.fda.gov/safety/recalls-market-withdrawals-safety-alerts/alpha-male-plus-issues-voluntary-nationwide-recall-alpha-male-plus-male-enhancer-due-presence|
|2021|BrightFarms|BrightFarms|07/16/2021|Salad greens|Salmonella|https://www.fda.gov/safety/recalls-market-withdrawals-safety-alerts/brightfarms-announces-voluntary-recall-packaged-salad-greens-sold-illinois-wisconsin-iowa-and|
|2021|5000 Years Foods, Inc.|5000 Years Foods, Inc.|07/14/2021|Kimchi Products|Potential Listeria monocytogenes contamination|https://www.fda.gov/safety/recalls-market-withdrawals-safety-alerts/5000-years-foods-inc-recall-cabbage-kimchi-because-possible-health-risk|
|2021|Neutrogena, Aveeno|Johnson &#x26; Johnson|07/14/2021|Sunscreen|Testing identified low levels of benzene|https://www.fda.gov/safety/recalls-market-withdrawals-safety-alerts/johnson-johnson-consumer-inc-issues-voluntary-recall-specific-neutrogenar-and-aveenor-aerosol|
|2021|Innoveix Pharmaceuticals, Inc.|Innoveix Pharmaceuticals, Inc.|07/13/2021|Injectable Semorelin &#x2f; Ipamorelin 3mg and injectable AOD-9604 3mg|Potential lack of sterility assurance|https://www.fda.gov/safety/recalls-market-withdrawals-safety-alerts/innoveix-pharmaceuticals-inc-issues-voluntary-recall-all-sterile-compounded-drug-products-due-lack-0|
|2021|Circle K|LSG Sky Chefs|07/08/2021|Chicken Salad Sandwich|Potential Listeria monocytogenes contamination|https://www.fda.gov/safety/recalls-market-withdrawals-safety-alerts/lsg-sky-chefs-recalls-circle-k-brand-chicken-salad-sandwich-because-possible-health-risk|
|2021|Teva|Teva Pharmaceuticals|07/01/2021|Topotecan Injection 4 mg&#x2f;4 mL &#x28;1 mg&#x2f;mL&#x29;|Presence of particulate matter|https://www.fda.gov/safety/recalls-market-withdrawals-safety-alerts/teva-initiates-voluntary-nationwide-recall-one-lot-topotecan-injection-4-mg4-ml-1-mgml-due-presence|
|2021|Limar|Ardil Commercial|07/01/2021|Hand sanitizer|Packaged in bottles that resemble drink containers|https://www.fda.gov/safety/recalls-market-withdrawals-safety-alerts/ardil-comercial-issues-voluntary-nationwide-recall-limar-hand-sanitizer-packaged-4-oz-bottles|
|2021|Flock Party|Manna Pro Products, LLC|06/29/2021|Duck treats|Potential to be contaminated with Salmonella|https://www.fda.gov/safety/recalls-market-withdrawals-safety-alerts/manna-pro-products-llc-issues-limited-voluntary-recall-flock-party-quack-snacks-sold-united-states|
|2021|Trader Joe&#x2019;s|Bazzini LLC|06/28/2021|Dark Chocolate Almond Butter Cups|Undeclared peanut protein|https://www.fda.gov/safety/recalls-market-withdrawals-safety-alerts/bazzini-llc-voluntarily-recalls-trader-joes-dark-chocolate-almond-butter-cup-2-pak|
|2021|Censea, Hannaford, Open acres, Honest catch, COS and others|Avanti Frozen Foods Pvt. Ltd|06/25/2021|Frozen shrimp, cooked, peeled and deveined &#x28;with some packaged with cocktail sauce&#x29;|Salmonella|https://www.fda.gov/safety/recalls-market-withdrawals-safety-alerts/avanti-frozen-foods-recalls-frozen-cooked-shrimp-because-possible-health-risk|
|2021|Dole&#x2122;|Dole Diversified North America, Inc.|06/25/2021|Fresh Blueberries|Cyclospora contamination|https://www.fda.gov/safety/recalls-market-withdrawals-safety-alerts/dole-diversified-north-america-inc-announces-limited-recall-doletm-fresh-blueberries-potential|
|2021|Prairie Wolf Distillery|Prairie Wolf Spirits, Inc.|06/22/2021|Hand sanitizer packaged in 16.9 fluid ounce and 20 fluid ounce containers that resemble water bottles|Packaged in containers resembling water bottles|https://www.fda.gov/safety/recalls-market-withdrawals-safety-alerts/prairie-wolf-spirits-inc-issues-voluntary-nationwide-recall-prairie-wolf-distillery-hand-sanitizer|
|2021|Living Free|Bea Lydecker&#x2019;s Naturals, Inc.|06/22/2021|dietary supplement products|Does not declare soy lecithin|https://www.fda.gov/safety/recalls-market-withdrawals-safety-alerts/bea-lydeckers-naturals-inc-issues-allergy-alert-undeclared-soy-lecithin-living-free-dietary|
|2021|Durisan|Sanit Technologies LLC d&#x2f;b&#x2f;a Durisan|06/22/2021|Hand sanitizer and hand sanitizing wipes|Microbial contamination|https://www.fda.gov/safety/recalls-market-withdrawals-safety-alerts/sanit-technologies-adds-label-clarification-existing-voluntary-hand-sanitizer-recall|
|2021|Just Egg|Cuisine Solutions|06/20/2021|Egg flavored plant-based &#x201c;bites&#x201d;|Undeclared milk and egg|https://www.fda.gov/safety/recalls-market-withdrawals-safety-alerts/cuisine-solutions-issues-voluntary-recall-flavored-plant-based-bites|
|2021|Jelco|Smiths Medical|06/17/2021|Hypodermic Needle-Pro Fixed Needle Insulin Syringes|Skewed odd number line graduation markings on syringe barrels.|https://www.fda.gov/safety/recalls-market-withdrawals-safety-alerts/smiths-medical-issues-worldwide-notification-regarding-recall-jelcor-hypodermic-needle-pror-fixed|
|2021|Philips|Philips|06/15/2021|Philips Bi-Level Positive Airway Pressure &#x28;Bi-Level PAP&#x29;, Continuous Positive Airway Pressure &#x28;CPAP&#x29;, and mechanical ventilator devices|Potential health risks related to the polyester-based polyurethane &#x28;PE-PUR&#x29; sound abatement foam component in these devices|https://www.fda.gov/safety/recalls-market-withdrawals-safety-alerts/philips-issues-recall-notification-mitigate-potential-health-risks-related-sound-abatement-foam|
|2021|Designed by Nature|Designed by Nature|06/14/2021|Goat Milk, Cow Milk, and Base Mix Formulas|Products are not intended to be used as infant formula|https://www.fda.gov/safety/recalls-market-withdrawals-safety-alerts/designed-nature-voluntarily-recalls-goats-milk-cows-milk-and-base-milk-formulas-due-possible-health|
|2021|Freshpet|Freshpet Inc.|06/13/2021|Select Small Dog Bite Size Beef &#x26; Egg Recipe Dog Food|Potential for Salmonella|https://www.fda.gov/safety/recalls-market-withdrawals-safety-alerts/freshpet-voluntarily-recalls-one-lot-freshpetr-select-small-dog-bite-size-beef-egg-recipe-dog-food|
|2021|Viona Pharmaceuticals Inc.|Viona Pharmaceuticals Inc.|06/11/2021|Metformin Hydrochloride Extended-Release Tablets|Contains Nitrosodimethylamine &#x28;NDMA&#x29; impurities|https://www.fda.gov/safety/recalls-market-withdrawals-safety-alerts/viona-pharmaceuticals-inc-issues-voluntary-nationwide-recall-metformin-hcl-extended-release-tablets|
|2021|Purina|Purina Animal Nutrition|06/11/2021|Beef Cattle Feed RangeLand&#xae; 30-13 TUB|Tubs that are too soft, allowing over-consumption which can lead to urea toxicity.|https://www.fda.gov/safety/recalls-market-withdrawals-safety-alerts/purina-animal-nutrition-voluntarily-recalling-one-lot-purinar-rangelandr-30-13-125-cattle-feed|
|2021|Hubbard Feeds|Hubbard Feeds|06/08/2021|EASY FEED ORGANIC CHICK STARTER&#x2f;GROWER ORG|Contains deficient levels of salt|https://www.fda.gov/safety/recalls-market-withdrawals-safety-alerts/hubbard-feeds-voluntarily-recalls-easy-feed-organic-chick-startergrower-org|
|2021|Beech-Nut|Beech-Nut|06/08/2021|Stage 1, Single Grain Rice Cereal|Presence of Inorganic Arsenic above Guidance Levels|https://www.fda.gov/safety/recalls-market-withdrawals-safety-alerts/beech-nut-nutrition-company-issues-voluntary-recall-one-lot-beech-nut-single-grain-rice-cereal-and|
|2021|Smilin&#x2019; Bob&#x2019;s|Smilin&#x2019; Bob&#x2019;s|06/08/2021|Smoked Fish Dip|Listeria monocytogenes|https://www.fda.gov/safety/recalls-market-withdrawals-safety-alerts/smilin-bobs-voluntarily-recalls-smilin-bobs-smoked-fish-dip-products-because-possible-health-risk|
|2021|Tulkoff|Tulkoff Food Products Inc.|06/08/2021|Kimchi Aioli|Undeclared Soy and Wheat Allergens|https://www.fda.gov/safety/recalls-market-withdrawals-safety-alerts/tulkoff-food-products-inc-issues-allergy-alert-undeclared-soy-and-wheat-kimchi-aioli|
|2021|Banner and multiple other brands|Banner Smoked Fish, Inc.|06/04/2021|Multiple Smoked Fish Products|Potential Listeria monocytogenes contamination|https://www.fda.gov/safety/recalls-market-withdrawals-safety-alerts/banner-smoked-fish-expands-recalls-smoked-fish-products-salads-pickled-fish-products-and-cream-sauce|
|2021|Olde Thompson, Sun Harvest|Olde Thompson, Sun Harvest|06/04/2021|Organic Ground Coriander|Potential Salmonella Contamination|https://www.fda.gov/safety/recalls-market-withdrawals-safety-alerts/olde-thompson-llc-issues-voluntary-recall-olde-thompson-and-sun-harvest-organic-ground-coriander-due|
|2021|Banner and multiple other brands|Banner Smoked Fish, Inc.|06/04/2021|Smoked Fish Products &#x28;Salmon, Lox, Trout, and more&#x29;|Potential Listeria monocytogenes contamination|https://www.fda.gov/safety/recalls-market-withdrawals-safety-alerts/banner-smoked-fish-expends-recalls-smoked-fish-products-salads-pickled-fish-products-and-cream-sauce|
|2021|Sportsman&#x2019;s Pride, Sprout Sporting, Intimidator, FRM Gold Select|Sunshine Mills, Inc.|06/03/2021|Dog Food Products|Salmonella contamination|https://www.fda.gov/safety/recalls-market-withdrawals-safety-alerts/sunshine-mills-inc-issues-voluntary-recall-certain-dog-food-products-because-possible-salmonella|
|2021|Banner and multiple other brands|Banner Smoked Fish, Inc.|06/02/2021|Smoked Fish Products &#x28;Salmon, Lox, Trout, and more&#x29;|Potential Listeria monocytogenes contamination|https://www.fda.gov/safety/recalls-market-withdrawals-safety-alerts/banner-smoked-fish-recalls-smoked-fish-products-because-possible-health-risk|
|2021|Sun Hong Foods, Inc|Sun Hong Foods, Inc|06/01/2021|Seafood Mushroom|Potential L. monocytogenes contamination|https://www.fda.gov/safety/recalls-market-withdrawals-safety-alerts/sun-hong-foods-inc-recalls-seafood-mushroom-because-possible-health-risk|
|2021|Concord Farms|Concord Farms|05/29/2021|Enoki mushrooms|Potential Listeria monocytogenes contamination|https://www.fda.gov/safety/recalls-market-withdrawals-safety-alerts/concord-farms-recalls-enoki-mushrooms-due-possible-health-risk|
|2021|Guan&#x2019;s|California Terra Garden Inc.|05/29/2021|Seafood mushrooms|Potential Listeria monocytogenes contamination|https://www.fda.gov/safety/recalls-market-withdrawals-safety-alerts/california-terra-garden-inc-recalls-seafood-mushroom-because-possible-health-risk|
|2021|Marquis Worldwide Specialty Inc|Marquis Worldwide Specialty Inc|05/28/2021|Organic Enoki mushrooms|Potential L. monocytogenes contamination.|https://www.fda.gov/safety/recalls-market-withdrawals-safety-alerts/marquis-worldwide-specialty-inc-recalls-organic-enoki-mushroom-200g-because-possible-health-risk|
|2021|Rainfield Marketing Group, Inc.|Rainfield Marketing Group, Inc.|05/28/2021|Enoki mushrooms|Potential L. monocytogenes contamination|https://www.fda.gov/safety/recalls-market-withdrawals-safety-alerts/rainfield-marketing-group-inc-vernon-ca-recalling-enoki-mushrooms-product-korea-because-it-has|
|2021|Imperia Elita|Dash Xclusive|05/28/2021|Imperia Elita Vitaccino Coffee|Undeclared Sibutramine and Fluoxetine|https://www.fda.gov/safety/recalls-market-withdrawals-safety-alerts/dash-xclusive-issues-voluntary-nationwide-recall-imperia-elita-vitaccino-coffee-due-presence-0|
|2021|Chicken Street|The Kroger Co.|05/28/2021|Chicken Street Taco Kit|Undeclared egg|https://www.fda.gov/safety/recalls-market-withdrawals-safety-alerts/kroger-co-voluntarily-recalling-its-chicken-street-taco-kit-due-undeclared-egg|
|2021|Little Hatches|Interstate Food Products|05/28/2021|Jalapeno Cream Cheese, Queso and Spicy Queso Dip|Listeria monocytogenes|https://www.fda.gov/safety/recalls-market-withdrawals-safety-alerts/interstate-food-products-recalls-little-hatches-jalapeno-cream-cheese-sell-date-521-and-queso-spicy|
|2021|Hy-Vee|Hy-Vee, Inc.|05/27/2021|Chicken Street Taco Kits|Undeclared egg|https://www.fda.gov/safety/recalls-market-withdrawals-safety-alerts/hy-vee-issues-allergy-alert-undeclared-egg-chicken-street-taco-kit-due-resers-fine-foods-recall|
|2021|Tiger Nuts|Tiger Nuts Inc.|05/27/2021|Tiger Nuts Flour|Salmonella|https://www.fda.gov/safety/recalls-market-withdrawals-safety-alerts/tiger-nuts-inc-recalls-tiger-nuts-flour-kilos-22-lbs-because-possible-health-risk|
|2021|Full Circle|Gilster-Mary Lee|05/26/2021|Organic Microwave Popcorn Salted|Undeclared milk|https://www.fda.gov/safety/recalls-market-withdrawals-safety-alerts/gilster-mary-lee-corp-issues-recall-undeclared-milk-allergen-full-circle-organic-microwave-popcorn|
|2021|Giant Eagle|Giant Eagle, Inc.|05/26/2021|Chicken Street Taco Kits|Undeclared eggs|https://www.fda.gov/safety/recalls-market-withdrawals-safety-alerts/giant-eagle-voluntarily-recalls-chicken-street-taco-kit|
|2021|Medically Minded|Global Sanitizers|05/25/2021|Hand Sanitizer|Presence of methanol|https://www.fda.gov/safety/recalls-market-withdrawals-safety-alerts/medically-minded-hand-sanitizer-nationwide-recall-expansion-due-presence-undeclared-methanol|
|2021|Hurst&#x2019;s|Randall Foods Inc.|05/25/2021|Fully Cooked Great Northern Beans|Potential for under processing|https://www.fda.gov/safety/recalls-market-withdrawals-safety-alerts/randall-foods-inc-initiates-voluntary-recall-some-hursts-brand-glass-jar-beans|
|2021|Peppa Pig|Primary Colors Design Corp.|05/20/2021|Chocolate Chip Cookies|Undeclared egg|https://www.fda.gov/safety/recalls-market-withdrawals-safety-alerts/primary-colors-design-corp-issues-allergy-alert-undeclared-egg-peppa-pig-chocolate-chip-cookies|
|2021|Natural Balance|Natural Balance Pet Foods, Inc.|05/20/2021|L.I.D. Green Pea &#x26; Chicken Dry Cat Formula|Potential Salmonella Contamination|https://www.fda.gov/safety/recalls-market-withdrawals-safety-alerts/natural-balance-pet-foods-inc-voluntarily-recalls-lid-green-pea-chicken-dry-cat-formula-possible|
|2021|Randall|Randall Foods Inc.|05/20/2021|Randall Beans|Potential for underprocessing which could result in Clostridium botulinum contamination|https://www.fda.gov/safety/recalls-market-withdrawals-safety-alerts/randall-foods-inc-initiates-voluntary-recall-all-randall-beans|
|2021|Little Hatches|Interstate Food Products|05/20/2021|Jalapeno Cream Cheese|Listeria monocytogenes|https://www.fda.gov/safety/recalls-market-withdrawals-safety-alerts/interstate-food-products-recalls-little-hatches-jalapeno-cream-cheese-because-possible-health-risk|
|2021|DIBAR Labs, ProtectoRx|Dibar Nutricional S. de R.L. de C.V.|05/19/2021|Hand Sanitizer|Presence of methanol|https://www.fda.gov/safety/recalls-market-withdrawals-safety-alerts/dibar-nutricional-s-de-rl-de-cv-issues-voluntary-nationwide-expanded-recall-dibar-labs-hand|
|2021|PremierZen Gold 7000, PremierZen Platinum 8000 and MaxxZEN Platinum 12000 capsules|Miracle8989|05/19/2021|Dietary Supplement for male sexual enhancement|Undeclared Sildenafil and Tadalafil|https://www.fda.gov/safety/recalls-market-withdrawals-safety-alerts/miracle8989-issues-voluntary-nationwide-recall-premierzen-gold-7000-premierzen-platinum-8000-and|
|2021|Torn Ranch|Torn Ranch, LLC|05/19/2021|Organic Dark Chocolate Blueberries|Undeclared almonds|https://www.fda.gov/safety/recalls-market-withdrawals-safety-alerts/torn-ranch-llc-issues-allergy-alert-undeclared-almonds-organic-dark-chocolate-blueberries|
|2021|Durisan|Sanit Technologies LLC d&#x2f;b&#x2f;a Durisan|05/17/2021|Hand sanitizer|Product is contaminated with Burkholderia contaminans|https://www.fda.gov/safety/recalls-market-withdrawals-safety-alerts/recall-expansion-durisan-non-alcohol-hand-sanitizer|
|2021|S&#x26;W and O Organic|Faribault Foods, Inc|05/17/2021|Organic Black Beans and Organic Chili Beans|Compromised hermetic seal&#x2f;Microbial growth|https://www.fda.gov/safety/recalls-market-withdrawals-safety-alerts/faribault-foods-inc-announces-extension-voluntary-recall-limited-quantity-sw-brand-organic-black|
|2021|BUBS Naturals|BUBS Naturals|05/14/2021|MCT Oil Powder|Undeclared milk|https://www.fda.gov/safety/recalls-market-withdrawals-safety-alerts/bubs-naturals-encinitas-ca-voluntarily-recalling-certain-lots-its-mct-oil-powder-product-due|
|2021|Medically Minded|Global Sanitizers|05/13/2021|Hand Sanitizer|Presence of methanol|https://www.fda.gov/safety/recalls-market-withdrawals-safety-alerts/global-sanitizers-issues-voluntary-nationwide-recall-medically-minded-hand-sanitizer-due-presence|
|2021|Goose Creek, COCO TKO|Scentsational Soaps &#x26; Candles, Inc.|05/13/2021|Hand Sanitizer|Presence of Methanol &#x28;Wood Alcohol&#x29;, Benzene and Acetaldehyde|https://www.fda.gov/safety/recalls-market-withdrawals-safety-alerts/scentsational-soaps-candles-inc-voluntarily-expands-nationwide-recall-scented-hand-sanitizers-due|
|2021|Jolly Time|JOLLY TIME Pop Corn|05/13/2021|Kettle Corn|Undeclared milk|https://www.fda.gov/safety/recalls-market-withdrawals-safety-alerts/jolly-timer-pop-corn-issues-allergy-alert-undeclared-milk-healthy-popr-kettle-corn-100s-4-count|
|2021|Sara Lee, Chef Pierre and more|Sara Lee Frozen Bakery|05/12/2021|Pecan pies|Undeclared Peanuts|https://www.fda.gov/safety/recalls-market-withdrawals-safety-alerts/sara-lee-frozen-bakery-issues-allergy-alert-undeclared-peanuts-pecan-pies|
|2021|Hi-Tech Pharmaceuticals. Inc|Hi-Tech Pharmaceuticals. Inc|05/12/2021|Lipodrene w&#x2f;25mg Ephedra Extract Dietary Supplement|Presence of 1,4-dimethylamylamine &#x28;DMAA&#x29;|https://www.fda.gov/safety/recalls-market-withdrawals-safety-alerts/hi-tech-pharmaceuticals-issues-voluntary-recall-lipodrene-w25mg-ephedra-extract-dietary-supplement|
|2021|DIBAR Labs, ProtectoRx|Dibar Nutricional S. de R.L. de C.V.|05/12/2021|Hand Sanitizer|Presence of methanol|https://www.fda.gov/safety/recalls-market-withdrawals-safety-alerts/dibar-nutricional-s-de-rl-de-cv-issues-voluntary-nationwide-recall-dibar-labs-hand-sanitizer-due|
|2021|Poseidon|Yamtun7|05/11/2021|Male Sexual Enhancement Dietary Supplement|Undeclared Tadalafil and Sildenafil|https://www.fda.gov/safety/recalls-market-withdrawals-safety-alerts/yamtun7-issues-voluntary-nationwide-recall-poseidon-platinum-3500-due-presence-undeclared-tadalafil|
|2021|Levemir, Tresiba, Fiasp, Novolog and Xultophy|Novo Nordisk|05/10/2021|Product Samples|Due to improper storage temperature conditions|https://www.fda.gov/safety/recalls-market-withdrawals-safety-alerts/novo-nordisk-issues-voluntary-nationwide-recall-levemirr-tresibar-fiaspr-novologr-and-xultophyr|
|2021|Bloommy|Bloommy, Inc.|05/07/2021|Biotin Collagen Keratin Capsules|Undeclared fish|https://www.fda.gov/safety/recalls-market-withdrawals-safety-alerts/bloommy-inc-issues-allergy-alert-undeclared-fish-bloommy-biotin-collagen-keratin-capsules|
|2021|Natural Way|Natural Way|05/07/2021|Original Almond butter|Undeclared peanuts|https://www.fda.gov/safety/recalls-market-withdrawals-safety-alerts/natural-way-recalls-almond-butter-due-undeclared-peanuts|
|2021|365 Everyday Value|Arizona Nutritional Supplements|05/07/2021|365 Everyday Value Whey Protein Powder Natural Vanilla Flavor|Undeclared soy allergen|https://www.fda.gov/safety/recalls-market-withdrawals-safety-alerts/arizona-nutritional-supplements-issues-allergy-alert-undeclared-soy-allergen-365-everyday-value-whey|
|2021|Ruffles|Frito-Lay|05/05/2021|Ruffles all dressed flavored potato chips|Undeclared milk|https://www.fda.gov/safety/recalls-market-withdrawals-safety-alerts/frito-lay-issues-voluntary-allergy-alert-undeclared-milk-ruffles-all-dressed-potato-chips|
|2021|Hershey&#x27;s|The Hershey Company|05/05/2021|Hershey&#x2019;s Chocolate Shell Topping|Undeclared almonds|https://www.fda.gov/safety/recalls-market-withdrawals-safety-alerts/hershey-voluntarily-recalls-hersheys-chocolate-shell-topping-due-undeclared-almonds|
|2021|Crazy Fresh and Quick &#x26; Easy|Russ Davis Wholesale|05/04/2021|Veggie Pizza|Undeclared soy|https://www.fda.gov/safety/recalls-market-withdrawals-safety-alerts/russ-davis-wholesale-issues-allergy-alert-undeclared-soy-veggie-pizza|
|2021|Hospira, Inc.|Hospira, Inc.|05/04/2021|0.5&#x25; Bupivacaine Hydrochloride Injection, USP 30 mL and 1&#x25; Lidocaine HCl Injection, USP 30 mL|Due to mislabeling|https://www.fda.gov/safety/recalls-market-withdrawals-safety-alerts/hospira-issues-voluntary-nationwide-recall-one-lot-05-bupivacaine-hydrochloride-injection-usp-and|
|2021|Hospira, Inc.|Hospira, Inc.|05/04/2021|Sterile Water for Injection, USP, 100 mL Single Dose Glass Fliptop Vial|Due to visible particulate|https://www.fda.gov/safety/recalls-market-withdrawals-safety-alerts/hospira-issues-voluntary-nationwide-recall-one-lot-sterile-water-injection-usp-due-potential|
|2021|Guan&#x27;s|Guan&#x2019;s Mushroom Co.|05/04/2021|Enoki Mushroom|Potential for Listeria monocytogenes|https://www.fda.gov/safety/recalls-market-withdrawals-safety-alerts/revised-guans-mushroom-co-recalls-enoki-because-possible-health-risk|
|2021|Evolve|CytoSport, Inc.|05/03/2021|Evolve Protein Shakes|Undeclared soy|https://www.fda.gov/safety/recalls-market-withdrawals-safety-alerts/concord-farms-recalls-enoki-mushrooms-due-possible-health-risk|
|2021|Acella|Acella Pharmaceuticals, LLC|04/30/2021|NP Thyroid &#x28;Thyroid Tablets, USP&#x29;|Sub potency|https://www.fda.gov/safety/recalls-market-withdrawals-safety-alerts/acella-pharmaceuticals-llc-issues-voluntary-nationwide-recall-certain-lots-np-thyroidr-thyroid-0|
|2021|Ulta Beauty Collection &#x26; SS|Scentsational Soaps &#x26; Candles, Inc.|04/28/2021|Scented Hand Sanitizer|Presence of Methanol &#x28;Wood Alcohol&#x29;, Benzene and Acetaldehyde|https://www.fda.gov/safety/recalls-market-withdrawals-safety-alerts/scentsational-soaps-candles-inc-issues-voluntary-nationwide-recall-scented-hand-sanitizers-due|
|2021|Kroger and Stop &#x26; Shop|Basic Grains Products, Inc.|04/28/2021|Caramel Rice Cakes|Undeclared milk|https://www.fda.gov/safety/recalls-market-withdrawals-safety-alerts/basic-grain-products-inc-issues-allergen-alert-undeclared-milk-caramel-rice-cakes|
|2021|Multiple brand names|Velvet Ice Cream|04/27/2021|Ice Cream|Potential Listeria monocytogenes contamination.|https://www.fda.gov/safety/recalls-market-withdrawals-safety-alerts/velvet-ice-cream-recalls-various-products-due-possible-listeria-risk|
|2021|Wolfies Roasted Nut Co.|Wolfies Roasted Nut Co.|04/23/2021|Crunchy Cheddar &#x26; Jalapeno Nuts|Undeclared milk allergen|https://www.fda.gov/safety/recalls-market-withdrawals-safety-alerts/wolfies-roasted-nut-co-issues-voluntary-recall-its-crunchy-cheddar-jalapeno-nuts|
|2021|Golden Medal Mushroom Inc.|Golden Medal Mushroom Inc.|04/22/2021|Enoki Mushrooms|Potential Listeria monocytogenes|https://www.fda.gov/safety/recalls-market-withdrawals-safety-alerts/golden-medal-mushroom-inc-recalls-enoki-mushrooms-because-possible-health-risk|
|2021|S&#x26;W and O Organic|Faribault Foods, Inc|04/22/2021|Organic Black Beans and Organic Chili Beans|Potential for Clostridium Botulinum|https://www.fda.gov/safety/recalls-market-withdrawals-safety-alerts/faribault-foods-inc-announces-voluntary-recall-limited-quantity-sw-brand-organic-black-beans-and-o|
|2021|Jule&#x27;s|Jule&#x27;s Foods|04/22/2021|All Jule&#x27;s Foods Products|Potential for Salmonella|https://www.fda.gov/safety/recalls-market-withdrawals-safety-alerts/jules-foods-issues-voluntary-recall-jules-foods-products-because-possible-health-risk|
|2021|ChloraPrep|Becton, Dickinson and Company|04/20/2021|ChloraPrep&#x2122; Hi-Lite Orange&#x2122; 26 mL Applicator|Defective applicator|https://www.fda.gov/safety/recalls-market-withdrawals-safety-alerts/bd-announces-voluntary-recall-specified-lots-chlorapreptm-hi-lite-orangetm-26-ml-applicator-united|
|2021|Guan&#x27;s|Guan&#x2019;s Mushroom Co.|04/20/2021|Enoki Mushroom|Potential for Listeria monocytogenes|https://www.fda.gov/safety/recalls-market-withdrawals-safety-alerts/guans-mushroom-co-recalls-enoki-because-possible-health-risk-0|
|2021|Vitafusion|Church &#x26; Dwight Co., Inc.|04/20/2021|Gummy vitamin products|May contain metallic mesh material|https://www.fda.gov/safety/recalls-market-withdrawals-safety-alerts/church-dwight-initiates-voluntary-recall-select-vitamins-due-isolated-manufacturing-issue|
|2021|Raley&#x2019;s|Shearer&#x2019;s Foods LLC|04/19/2021|Salt &#x26; Vinegar Flavored Potato Chips|May Contain Undeclared Milk|https://www.fda.gov/safety/recalls-market-withdrawals-safety-alerts/shearers-foods-llc-issues-allergy-alert-undeclared-milk-raleys-salt-vinegar-flavored-potato-chips|
|2021|Tenacore LLC|Tenacore LLC|04/19/2021|2001 Tenacore Replacement CareFusion Alaris 8100 bezels|Potentially weakened plastic|https://www.fda.gov/safety/recalls-market-withdrawals-safety-alerts/tenacore-llc-issues-nationwide-recall-tenacores-replacement-front-bezel-assembly-carefusion-alaris|
|2021|Bueno|Creative Foods Inc.|04/17/2021|Coffee substitute|Undeclared peanut, hazelnut, and&#x2f;or barley &#x28;gluten&#x29;|https://www.fda.gov/safety/recalls-market-withdrawals-safety-alerts/creative-foods-inc-issues-allergy-alert-undeclared-hazelnut-peanut-and-barley-gluten-two-coffee|
|2021|Durisan|Sanit Technologies LLC d&#x2f;b&#x2f;a Durisan|04/16/2021|Hand sanitizer|Product is contaminated with Burkholderia contaminans|https://www.fda.gov/safety/recalls-market-withdrawals-safety-alerts/durisan-announces-voluntary-recall-expansion-its-antimicrobial-hand-sanitizer|
|2021|Jose Madrid Salsa|Jose Madrid Salsa|04/15/2021|Strawberry Mild Salsa|Undeclared anchovy|https://www.fda.gov/safety/recalls-market-withdrawals-safety-alerts/jose-madrid-salsa-issues-voluntary-recall-due-undeclared-anchovy-allergen|
|2021|Panera|Blount Fine Foods|04/15/2021|Lobster Bisque|Undeclared egg|https://www.fda.gov/safety/recalls-market-withdrawals-safety-alerts/blount-fine-foods-voluntarily-recalls-limited-amount-single-lot-lobster-bisque-due-possible|
|2021|Mr. Goodtime Bunny|Lake Champlain Chocolates|04/15/2021|Chocolate candy|Undeclared almonds|https://www.fda.gov/safety/recalls-market-withdrawals-safety-alerts/lake-champlain-chocolates-voluntarily-recalls-mr-goodtime-bunny-best-date-11202021-undeclared|
|2021|Trader Joe&#x2019;s|Snak King Corporation|04/14/2021|Restaurant Style White Corn Tortilla Chips|Product may contain undeclared milk|https://www.fda.gov/safety/recalls-market-withdrawals-safety-alerts/snak-king-corporation-issues-allergy-alert-undeclared-milk-allergen-trader-joes-restaurant-style|
|2021|Torn &#x26; Glasser|Torn &#x26; Glasser|04/13/2021|Dark chocolate espresso beans|Undeclared walnuts|https://www.fda.gov/safety/recalls-market-withdrawals-safety-alerts/urgent-torn-glasser-recalls-dark-chocolate-espresso-beans-because-undeclared-walnut-allergen|
|2021|Meow Mix&#xae;|J. M. Smucker Co.|04/12/2021|Meow Mix&#xae; Original Choice Dry Cat Food|Potential Salmonella Contamination|https://www.fda.gov/safety/recalls-market-withdrawals-safety-alerts/j-m-smucker-co-issues-limited-voluntary-recall-two-lots-meow-mixr-original-choice-dry-cat-food|
|2021|Hostess|Hostess Brands LLC|04/10/2021|SnoBalls|Undeclared coconut|https://www.fda.gov/safety/recalls-market-withdrawals-safety-alerts/voluntary-recall-hostessr-snoballsr-due-undeclared-allergen|
|2021|NS NY Distributor Inc|NS NY Distributor Inc|04/09/2021|Premium Orgazen 7000 and Ginseng Power 5000 capsules|Undeclared Sildenafil and&#x2f;or Tadalafil|https://www.fda.gov/safety/recalls-market-withdrawals-safety-alerts/ns-ny-distributor-inc-issues-voluntary-nationwide-recall-premium-orgazen-7000-and-ginseng-power-5000|
|2021|Glutenull|Glutenull Bakery|04/07/2021|Goji Berries and Chocolate Cookies|Product may contain undeclared milk|https://www.fda.gov/safety/recalls-market-withdrawals-safety-alerts/glutenull-bakery-issues-allergy-alert-undeclared-milk-goji-berries-and-chocolate-cookies|
|2021|PremierZEN Extreme 3000, PremierZEN Plus 5000, &#x26; Triple SupremeZEN Plus 3500|Yolo Studio|04/06/2021|Dietary Supplement for male sexual enhancement|Undeclared Tadalafil|https://www.fda.gov/safety/recalls-market-withdrawals-safety-alerts/yolo-studio-issues-voluntary-nationwide-recall-premierzen-extreme-3000-premierzen-black-5000-triple|
|2021|IMPERIAL Gold 2000, PremierZEN Extreme 3000, BURRO en PRIMAVERA 60000 &#x26; IMPERIAL Platinum 2000|QMART|04/05/2021|Dietary Supplement for male sexual enhancement|Undeclared Sildenafil and&#x2f;or Tadalafil|https://www.fda.gov/safety/recalls-market-withdrawals-safety-alerts/qmart-issues-voluntary-nationwide-recall-imperial-gold-2000-premierzen-extreme-3000-burro-en|
|2021|APS Isomorph, iForce Nutrition Mass Gainz|Hi-Tech Pharmaceuticals, Inc.|04/03/2021|Dietary supplements|Due to undeclared milk, wheat, soy, egg allergens|https://www.fda.gov/safety/recalls-market-withdrawals-safety-alerts/hi-tech-pharmaceuticals-issues-allergy-alert-various-aps-isomorph-28-products-and-iforce-nutrition|
|2021|A-S Medication Solutions, LLC|A-S Medication Solutions, LLC|04/02/2021|Acetaminophen Extra Strength 500 mg Tablets, 100 ct. bottles contained in Health Essentials Kits distributed by Humana|Products contain an incomplete prescription drug label|https://www.fda.gov/safety/recalls-market-withdrawals-safety-alerts/s-medication-solutions-issues-voluntary-nationwide-recall-acetaminophen-extra-strength-tablets|
|2021|PremierZen Platinum 5000, Triple SupremeZen Gold 3500|NANA Collection LLC|04/01/2021|Dietary Supplement for male sexual enhancement|Undeclared Sildenafil and Tadalafil|https://www.fda.gov/safety/recalls-market-withdrawals-safety-alerts/nana-collection-llc-issues-voluntary-nationwide-recall-premierzen-platinum-5000-triple-supremezen|
|2021|Harris Teeter, Dawn Food Products|Rise Baking Company LLC|03/31/2021|Cookies and Cream Cake, Vanilla Bean Waterfall Cake|Due to undeclared hazelnut|https://www.fda.gov/safety/recalls-market-withdrawals-safety-alerts/rise-baking-company-llc-issues-recall-undeclared-hazelnut-cakes|
|2021|Thumbs Up 7, Shogun-X, 69MODE|Nuri Trading LLC|03/31/2021|Dietary Supplement for male sexual enhancement|Undeclared Sildenafil, Tadalafil, Vardenafil|https://www.fda.gov/safety/recalls-market-withdrawals-safety-alerts/nuri-trading-llc-issues-voluntary-nationwide-recall-shogun-x-7000-thumbs-7-black-25k-thumbs-7-white|
|2021|Thumbs Up 7, Shogun, Krazy Night|Ummzy LLC|03/31/2021|Dietary Supplement for male sexual enhancement|Undeclared Sildenafil, Tadalafil, Vardenafil|https://www.fda.gov/safety/recalls-market-withdrawals-safety-alerts/ummzy-llc-issues-voluntary-nationwide-recall-thumbs-7-red-70k-shogun-x-15000mg-and-krazy-night-due|
|2021|Dave&#x2019;s Supermarket|b.a. Sweetie Candy Co|03/31/2021|Chocolate Malt Balls and Chocolate Malted Milk Balls|Due to undeclared wheat|https://www.fda.gov/safety/recalls-market-withdrawals-safety-alerts/ba-sweeties-candy-co-issues-voluntary-recall-its-chocolate-malt-chocolate-malted-milk-balls|
|2021|Apotex Corp.|Apotex Corp.|03/31/2021|Guanfacine Extended-Release Tablets 2mg|Trace amounts of Quetiapine Fumarate|https://www.fda.gov/safety/recalls-market-withdrawals-safety-alerts/apotex-corp-issues-voluntary-nationwide-recall-guanfacine-extended-release-tablets-2mg-due-trace|
|2021|Thumbs Up 7|Bit &#x26; Bet LLC|03/30/2021|Blue 69K Dietary Supplement for male sexual enhancement|Undeclared Sildenafil and Tadalafil|https://www.fda.gov/safety/recalls-market-withdrawals-safety-alerts/bit-bet-llc-issues-voluntary-nationwide-recall-thumbs-7-blue-69k-due-presence-undeclared-sildenafil|
|2021|Thumbs Up 7|Antoto-K|03/29/2021|Dietary Supplement for male sexual enhancement|Undeclared Sildenafil and Tadalafil|https://www.fda.gov/safety/recalls-market-withdrawals-safety-alerts/antoto-k-issues-voluntary-nationwide-recall-thumbs-7-red-70k-due-presence-undeclared-sildenafil-and|
|2021|Sabra|Sabra Dipping Company LLC|03/29/2021|Classic Hummus|Salmonella Contamination|https://www.fda.gov/safety/recalls-market-withdrawals-safety-alerts/sabra-dipping-company-issues-limited-voluntary-recall-single-sku-classic-hummus|
|2021|Harris Teeter Fresh Foods Market|Harris Teeter, LLC|03/29/2021|Cookies and Cream Cake Products|Due to undeclared hazelnut|https://www.fda.gov/safety/recalls-market-withdrawals-safety-alerts/harris-teeter-announces-voluntary-recall-fresh-foods-market-cookies-creme-cakes-due-undeclared|
|2021|Multiple brands|Midwestern Pet Foods|03/27/2021|Dog and Cat Food|Potential Salmonella Contamination|https://www.fda.gov/safety/recalls-market-withdrawals-safety-alerts/midwestern-pet-foods-voluntarily-recall-due-possible-salmonella-health-risk|
|2021|Trident|Trident Seafood Corporation|03/27/2021|Pacific Salmon Burgers|May contain small pieces of metal|https://www.fda.gov/safety/recalls-market-withdrawals-safety-alerts/trident-seafoods-recalling-pacific-salmon-burger-public-notice|
|2021|PremierZen|Namoo Enterprise LLC|03/26/2021|Dietary Supplement for male sexual enhancement|Undeclared Sildenafil and Tadalafil|https://www.fda.gov/safety/recalls-market-withdrawals-safety-alerts/namoo-enterprise-llc-issues-voluntary-nationwide-recall-premierzen-black-5000-due-presence|
|2021|Kareem Chef|Kareem Mart|03/26/2021|Flavored Halva|Potential Salmonella Contamination|https://www.fda.gov/safety/recalls-market-withdrawals-safety-alerts/kareem-mart-recalls-halva-because-possible-health-risk|
|2021|Zydus Pharmaceuticals|Zydus Pharmaceuticals Inc.|03/25/2021|Acyclovir Sodium Injection, 50 mg&#x2f;mL, 10 mL and 20 mL vials|Due to Crystalization|https://www.fda.gov/safety/recalls-market-withdrawals-safety-alerts/zydus-pharmaceuticals-usa-inc-issues-voluntary-nationwide-recall-acyclovir-sodium-injection-50-mgml|
|2021|Imperial|S&#x26;B Shopper LLC|03/25/2021|Dietary Supplement for Male Enhancement|Undeclared Sildenafil &#x26; Tadalafil|https://www.fda.gov/safety/recalls-market-withdrawals-safety-alerts/sb-shopper-llc-issues-voluntary-nationwide-recall-imperial-extreme-2000mg-due-presence-undeclared|
|2021|Alembic|Alembic Pharmaceuticals, Inc.|03/24/2021|Telmisartan Tablets, USP, 20 mg|Incorrect Product Strength on Label|https://www.fda.gov/safety/recalls-market-withdrawals-safety-alerts/alembic-pharmaceuticals-limited-issues-voluntary-nationwide-recall-telmisartan-tablets-usp-20-mg-due|
|2021|La Fe|GraceKennedy Foods LLC|03/24/2021|Frozen Peppers &#x26; Onions|Potential contamination with small plastic pieces|https://www.fda.gov/safety/recalls-market-withdrawals-safety-alerts/gk-foods-usa-announces-voluntary-recall-batch-la-fe-peppers-and-onions|
|2021|Durisan|Sanit Technologies LLC d&#x2f;b&#x2f;a Durisan|03/24/2021|Antimicrobial Hand Sanitizer|Due to microbial contamination|https://www.fda.gov/safety/recalls-market-withdrawals-safety-alerts/durisan-hand-sanitizer-recall-due-microbial-contamination|
|2021|ChloraPrep&#x3b; BD ChloraPrep|&#x28;Becton, Dickinson and Company&#x29;|03/24/2021|ChloraPrep 3 mL Applicator|Potential Aspergillus penicillioides contamination|https://www.fda.gov/safety/recalls-market-withdrawals-safety-alerts/bd-expands-voluntary-recall-chlorapreptm-3-ml-applicator-nationwide-include-all-us-states|
|2021|Real Water|Real Water, Inc.|03/24/2021|Water and Water Concentrate|Product may be linked to instances of non-viral hepatitis|https://www.fda.gov/safety/recalls-market-withdrawals-safety-alerts/real-water-inc-issues-precautionary-recall-all-sizes-real-water-brand-drinking-water-due-possible|
|2021|Bobo&#x2019;s|Bobo&#x2019;s|03/23/2021|Maple Pecan Oat Bar|Undeclared Peanuts|https://www.fda.gov/safety/recalls-market-withdrawals-safety-alerts/bobos-issues-voluntarily-allergy-alert-undeclared-peanuts-product|
|2021|Taste of Inspirations|Food Lion|03/22/2021|Parmesan Garlic Wing Sauce|Due to undeclared fish|https://www.fda.gov/safety/recalls-market-withdrawals-safety-alerts/food-lion-recalls-select-taste-inspirations-parmesan-garlic-wing-sauce|
|2021|Taste of Inspirations|Hannaford Supermarkets|03/22/2021|Parmesan Garlic Wing Sauce|Due to undeclared fish|https://www.fda.gov/safety/recalls-market-withdrawals-safety-alerts/select-taste-inspirations-wing-sauce-lots-recalled-due-undeclared-allergen|
|2021|Fresh to You,&#xa0;MG Foods|MG Foods dba Canteen Inc.|03/19/2021|Turkey wrap sandwich wraps|Due to possible Listeria monocytogenes|https://www.fda.gov/safety/recalls-market-withdrawals-safety-alerts/three-turkey-wrap-sandwiches-added-mg-foods-previous-recall-list-due-possible-listeria-monocytogenes|
|2021|Gelson&#x2019;s|Western Mixers Produce &#x26; Nut Company|03/18/2021|Yogurt Raisins|May contain undeclared Peanuts|https://www.fda.gov/safety/recalls-market-withdrawals-safety-alerts/western-mixers-produce-nuts-inc-recalls-gelsons-yogurt-raisins-because-possible-allergen-heath-risk|
|2021|Mindo Chocolate Makers|Mindo Chocolate Makers|03/18/2021|Coffee Toffee Chocolate Bar|Due to undeclared milk|https://www.fda.gov/safety/recalls-market-withdrawals-safety-alerts/mindo-chocolate-makers-issues-allergy-alert-undeclared-milk-coffee-toffee-chocolate-bar|
|2021|Heal the World|PNHC, LLC d&#x2f;b&#x2f;a Heal the World|03/17/2021|Hand Sanitizer|Because they resemble water bottles&#x3b; risk of ingestion|https://www.fda.gov/safety/recalls-market-withdrawals-safety-alerts/pnhc-llc-dba-heal-world-issues-voluntary-nationwide-recall-heal-world-hand-sanitizer-packaged-96|
|2021|Bravo Packing, Inc.|Bravo Packing, Inc.|03/16/2021|Pet food&#x3a; Performance Dog, beef, green tripe, and bone|Due to Potential Salmonella and Listeria monocytogenes|https://www.fda.gov/safety/recalls-market-withdrawals-safety-alerts/bravo-packing-inc-expands-previously-announced-voluntary-recall-pet-food-products-due-potential|
|2021|Whole Foods Market|Whole Foods Market|03/12/2021|Cranberry Biscotti|Undeclared tree nuts &#x28;pistachio&#x29;|https://www.fda.gov/safety/recalls-market-withdrawals-safety-alerts/allergy-alert-issued-undeclared-tree-nuts-mislabeled-cranberry-biscotti-six-whole-foods-market|
|2021|Sagent|Sagent Pharmaceuticals, Inc.|03/11/2021|Phenylephrine Hydrochloride Injection|Lack of sterility assurance|https://www.fda.gov/safety/recalls-market-withdrawals-safety-alerts/sagent-pharmaceuticals-inc-issues-voluntary-nationwide-recall-phenylephrine-hydrochloride-injection|
|2021|MG Foods and Fresh to You|MG Foods|03/10/2021|Sandwiches|Listeria monocytogenes|https://www.fda.gov/safety/recalls-market-withdrawals-safety-alerts/mg-foods-recalls-various-turkey-sandwiches-due-possible-listeria-monocytogenes-contamination|
|2021|BRP Pharmaceuticals|Bryant Ranch Prepack|03/09/2021|Spironolactone TB 25MG and 50MG|Incorrect strength displayed on the label|https://www.fda.gov/safety/recalls-market-withdrawals-safety-alerts/bryant-ranch-prepack-issues-voluntary-nationwide-recall-spironolactone-25-mg-and-50-mg-tablets-due|
|2021|Alqosh|Mediterranean Food Inc.|03/08/2021|Sesame oil &#x201c;Tahin&#x201d;|Salmonella|https://www.fda.gov/safety/recalls-market-withdrawals-safety-alerts/mediterranean-food-inc-recalls-alqosh-sesame-oil-because-possible-health-risk|
|2021|Hu|Hu Products|03/06/2021|Chocolate Covered Hunks-Sour Goldenberries|May contain Undeclared Almonds|https://www.fda.gov/safety/recalls-market-withdrawals-safety-alerts/hu-products-conducts-nationwide-voluntary-recall-single-lot-4-oz-chocolate-covered-hunks-sour|
|2021|Kareem Chef|Kareem Mart|03/05/2021|Tahina &#x28;Ground Sesame Paste&#x29;|Potential for Salmonella|https://www.fda.gov/safety/recalls-market-withdrawals-safety-alerts/kareem-mart-recalls-tahina-because-possible-health-risks|
|2021|Wilton, Tasty by Wilton, and Holiday Home|Wilton Brands|03/03/2021|Sprinkle Products|May Contain Undeclared Milk|https://www.fda.gov/safety/recalls-market-withdrawals-safety-alerts/wilton-brands-issues-allergy-alert-undeclared-milk-7-sprinkle-products|
|2021|Ridley Block Operations|Ridley Block Operations|03/03/2021|CRYSTALYX Sheep-lyx|Elevated levels of copper|https://www.fda.gov/safety/recalls-market-withdrawals-safety-alerts/ridley-block-operations-voluntarily-recalls-three-batches-crystalyxr-sheep-lyxtm|
|2021|El Abuelito, El Viejito and more|El Abuelito Cheese|03/03/2021|Queso Fresco, Quesillo, and Requeson Products|Listeria monocytogenes|https://www.fda.gov/safety/recalls-market-withdrawals-safety-alerts/el-abuelito-expande-su-retiro-del-mercado-para-incluir-queso-fresco-quesillo-y-productos-de-requeson|
|2021|Bravo Packing, Inc.|Bravo Packing, Inc.|03/03/2021|Ground Beef and Performance Dog, frozen raw pet food|Potential for Salmonella and Listeria monocytogenes|https://www.fda.gov/safety/recalls-market-withdrawals-safety-alerts/bravo-packing-inc-recalls-all-performance-dog-and-ground-beef-raw-pet-food-because-possible|
|2021|Quaker|The Quaker Oats Company|03/01/2021|Rice Crisps Sweet Barbecue Flavor|May Contain Undeclared Soy Ingredients|https://www.fda.gov/safety/recalls-market-withdrawals-safety-alerts/quaker-oats-company-issues-voluntary-recall-quaker-rice-crisps-sweet-barbecue-flavor-due-undeclared|
|2021|Vitakraft|Vitakraft Sun Seed Inc.|03/01/2021|Vita Smart Hedgehog Food|Potential to be contaminated with Salmonella|https://www.fda.gov/safety/recalls-market-withdrawals-safety-alerts/vitakraft-sun-seed-recall-vitakraft-vita-smart-hedgehog-food-due-possible-salmonella-health-risk|
|2021|El Abuelito, El Viejito and more|El Abuelito Cheese|02/27/2021|Queso Fresco, Quesillo, and Requeson Products|Listeria monocytogenes|https://www.fda.gov/safety/recalls-market-withdrawals-safety-alerts/el-abuelito-expands-recall-include-queso-fresco-quesillo-and-requeson-products-because-possible|
|2021|Haug, Fresh Tyme &#x26; more|J&#x26;J Distributing|02/26/2021|Taco products|Listeria monocytogenes|https://www.fda.gov/safety/recalls-market-withdrawals-safety-alerts/jj-distributing-owned-new-harvest-foods-recalls-multiple-products-because-possible-health-risk|
|2021|El Abuelito, Rio Grande, Rio Lindo|El Abuelito Cheese, Inc.|02/24/2021|Queso Fresco|Listeria monocytogenes|https://www.fda.gov/safety/recalls-market-withdrawals-safety-alerts/el-abuelito-retira-del-mercado-productos-de-queso-fresco-por-posible-riesgo-la-salud|
|2021|Medtronic Valiant Navion&#x2122;|Medtronic|02/23/2021|Thoracic stent graft system|Due to endoleaks, stent fractures and stent ring enlargement|https://www.fda.gov/safety/recalls-market-withdrawals-safety-alerts/medtronic-announces-voluntary-recall-unused-valiant-naviontm-thoracic-stent-graft-system|
|2021|Urban Remedy|Urban Remedy|02/22/2021|Beverages|Undeclared almonds and cashews|https://www.fda.gov/safety/recalls-market-withdrawals-safety-alerts/urban-remedy-voluntarily-recalls-beverages-undeclared-almond-cashew-allergens|
|2021|Market District|Giant Eagle, Inc.|02/19/2021|Pretzel Platters and Pretzel Bags|Undeclared pecans|https://www.fda.gov/safety/recalls-market-withdrawals-safety-alerts/market-district-voluntarily-recalls-gourmet-chocolate-covered-pretzels-due-undeclared-pecan-allergen|
|2021|El Abuelito, Rio Grande, Rio Lindo|El Abuelito Cheese|02/19/2021|Queso Fresco|Listeria monocytogenes|https://www.fda.gov/safety/recalls-market-withdrawals-safety-alerts/el-abuelito-recalls-queso-fresco-products-because-possible-health-risk|
|2021|Aaron&#x2019;s Gourmet Smoked Fish|Aaron&#x2019;s Gourmet Smoked Fish|02/18/2021|Smoked fish products|Lack of licensure and regulatory oversight by the state agency|https://www.fda.gov/safety/recalls-market-withdrawals-safety-alerts/aarons-gourmet-smoked-fish-recalls-smoked-fish-products-produced-without-licensure-and-regulatory|
|2021|Adam&#x2019;s Secret|Adamssecret.co|02/16/2021|Adam&#x2019;s Secret Extra Strength 1500 and Adam&#x2019;s Secret Extra Strength 3000 capsules|Product contains undeclared sildenafil and&#x2f;or tadalafil|https://www.fda.gov/safety/recalls-market-withdrawals-safety-alerts/adamssecretco-issues-voluntary-nationwide-recall-adams-secret-extra-strength-1500-and-3000-capsules|
|2021|Kowalski&#x2019;s Markets|Russ Davis Wholesale|02/15/2021|Buffalo Cauliflower Bites|Undeclared Fish &#x28;Anchovies&#x29;|https://www.fda.gov/safety/recalls-market-withdrawals-safety-alerts/russ-davis-wholesale-issues-allergy-alert-undeclared-fish-anchovies-kowalskis-buffalo-cauliflower|
|2021|Brite Harbor|Litehouse Inc.|02/15/2021|Caesar Dressing &#x26; Dip|Undeclared Anchovies|https://www.fda.gov/safety/recalls-market-withdrawals-safety-alerts/litehouse-inc-issues-allergy-alert-undeclared-anchovies-product|
|2021|Dole|Dole Fresh Vegetables|02/10/2021|Sunflower Crunch Chopped Salad Kit|Undeclared wheat and tree nuts|https://www.fda.gov/safety/recalls-market-withdrawals-safety-alerts/dole-fresh-vegetables-inc-voluntarily-recalling-two-lot-codes-doletm-sunflower-crunch-chopped-salad|
|2021|ManukaGuard|NDAL MFG INC|02/10/2021|Allercleanse Nasal Spray|Due to Yeast Contamination|https://www.fda.gov/safety/recalls-market-withdrawals-safety-alerts/ndal-mfg-inc-issues-voluntary-nationwide-recall-manukaguard-allercleanse-nasal-spray-due|
|2021|Sprouts|Hickory Harvest Foods|02/09/2021|Vanilla Yogurt Covered Cranberries|Undeclared Almonds|https://www.fda.gov/safety/recalls-market-withdrawals-safety-alerts/hickory-harvest-foods-issues-allergy-alert-undeclared-almonds-sprouts-vanilla-flavored-yogurt|
|2021|Delicae|Delicae Gourmet LLC|02/09/2021|Thai Peanut Sauce, Spicy Red Curry Sauce|Undeclared Shrimp|https://www.fda.gov/safety/recalls-market-withdrawals-safety-alerts/delicae-gourmet-llc-issues-allergy-alert-undeclared-shrimp-allergen-thai-peanut-sauce-panang-curry|
|2021|Simple Truth, That&#x2019;s Tasty, Shenandoah Growers|Shenandoah Growers, Inc|02/08/2021|Basil|Potential Cyclospora contamination|https://www.fda.gov/safety/recalls-market-withdrawals-safety-alerts/shenandoah-growers-inc-issues-limited-voluntary-recall-specific-imported-organic-basil-because|
|2021|Publix|Ocean Beauty Seafood LLC|02/08/2021|Parmesan-Crusted Wild Alaskan Salmon Fillets|Undeclared Soy|https://www.fda.gov/safety/recalls-market-withdrawals-safety-alerts/ocean-beauty-seafood-llc-issues-allergy-alert-undeclared-soy-publix-brand-parmesan-crusted-wild|
|2021|Apotex Corp.|Apotex Corp|02/03/2021|Enoxaparin Sodium Injection, USP|Packaging error resulting in incorrect dosage listed|https://www.fda.gov/safety/recalls-market-withdrawals-safety-alerts/apotex-corp-issues-voluntary-nationwide-recall-enoxaparin-sodium-injection-usp-due-mislabeling|
|2021|Dole&#x2122;|Dole Fresh Vegetables, Inc.|01/29/2021|Dole&#x2122; Endless Summer Salad Kit|Due to possible undeclared allergens &#x28;fish and egg&#x29;|https://www.fda.gov/safety/recalls-market-withdrawals-safety-alerts/dole-fresh-vegetables-announces-limited-voluntary-recall-doletm-endless-summer-salad-kit-due|
|2021|Golden Boy|Hong Thai Foods Corp.|01/29/2021|Custard Muffin Banana|May contain undeclared milk|https://www.fda.gov/safety/recalls-market-withdrawals-safety-alerts/hong-thai-foods-corp-issues-allergy-alert-undeclared-milk-allergens-golden-boy-custard-muffin-banana|
|2021|think&#x21;|think&#x21; and Interpac Technologies, Inc.|01/28/2021|Protein fiber oatmeal farmer&#x2019;s market berry crumble|Due to undeclared almonds and pecans|https://www.fda.gov/safety/recalls-market-withdrawals-safety-alerts/think-and-interpac-technologies-inc-issue-voluntary-recall-and-allergy-alert-undeclared-tree-nuts|
|2021|Wahl|Wahl Clipper Corporation|01/28/2021|Deluxe Heat Therapy Massagers, Model 4212|Can overheat causing smoke or spark, which may pose a fire hazard|https://www.fda.gov/safety/recalls-market-withdrawals-safety-alerts/safety-recall-deluxe-heat-therapy-massager|
|2021|Maine Grains, GrowNYC|Main Grains, Inc.|01/27/2021|Organic yellow peas|Undeclared soy|https://www.fda.gov/safety/recalls-market-withdrawals-safety-alerts/maine-grains-inc-issues-allergy-alert-undeclared-soy-organic-yellow-peas|
|2021|Meitheal Pharmaceuticals, Inc.|Meitheal Pharmaceuticals, Inc.|01/27/2021|Cisatracurium Besylate Injection, USP 10mg per 5mL|Mislabeling|https://www.fda.gov/safety/recalls-market-withdrawals-safety-alerts/meitheal-pharmaceuticals-inc-issues-voluntary-nationwide-recall-cisatracurium-besylate-injection-usp|
|2021|Nostrum Laboratories, Inc.|Nostrum Laboratories, Inc.|01/25/2021|Metformin HCl Extended Release Tablets, USP 750 mg|Due to levels of nitrosamine impurities above the ADI limit of 96 ng&#x2f;day|https://www.fda.gov/safety/recalls-market-withdrawals-safety-alerts/nostrum-laboratories-inc-expands-voluntary-nationwide-recall-metformin-hcl-extended-release-tablets-0|
|2021|Bickel&#x2019;s Snack Foods|Bickel&#x2019;s Snack Foods, Inc.|01/25/2021|Butter Flavored Popcorn|Undeclared Milk|https://www.fda.gov/safety/recalls-market-withdrawals-safety-alerts/bickels-snack-foods-inc-issues-allergy-alert-specific-lot-butter-flavored-popcorn|
|2021|Door County Coffee &#x26; Tea Co.|Door County Coffee &#x26; Tea Co.|01/22/2021|French Vanilla Flavored Cappuccino Single Serve Cups|Product may contain undeclared milk and soy.|https://www.fda.gov/safety/recalls-market-withdrawals-safety-alerts/door-county-coffee-tea-co-issues-allergy-alert-undeclared-milk-and-soy-french-vanilla-flavored|
|2021|House-Autry|House-Autry Mills, Inc.|01/22/2021|Tartar Sauce|Spoilage|https://www.fda.gov/safety/recalls-market-withdrawals-safety-alerts/house-autry-mills-announces-voluntary-recall-house-autry-tartar-sauce-due-spoilage|
|2021|Publix|Publix Super Markets, Inc.|01/21/2021|Steam in bag products containing butternuts squash|Listeria monocytogenes|https://www.fda.gov/safety/recalls-market-withdrawals-safety-alerts/publix-steam-bag-product-recall|
|2021|Ruffles|Frito Lay|01/21/2021|Potato Chips|Undeclared milk|https://www.fda.gov/safety/recalls-market-withdrawals-safety-alerts/frito-lay-issues-voluntary-allergy-alert-undeclared-milk-small-number-ruffles-original-potato-chips-0|
|2021|Pero Family Farms|Pero Family Farms Food Company, LLC|01/19/2021|Butternut squash cubes, chunks, and spirals|Listeria monocytogenes|https://www.fda.gov/safety/recalls-market-withdrawals-safety-alerts/pero-family-farms-food-co-issues-voluntary-recall-due-possible-health-risk|
|2021|Lancaster Foods|Lancaster Foods, LLC|01/19/2021|Butternut squash noodles, planks, chunks and butternut squash containing medleys and blends|Listeria monocytogenes|https://www.fda.gov/safety/recalls-market-withdrawals-safety-alerts/lancaster-foods-recalls-all-conventional-butternut-squash-items-were-processed-between-dates-122220|
|2021|Hiland Dairy|Hiland Dairy|01/17/2021|1&#x25; low fat chocolate milk|May contain food-grade sanitizers|https://www.fda.gov/safety/recalls-market-withdrawals-safety-alerts/hiland-dairy-announces-recall-hiland-dairy-half-pint-1-low-fat-chocolate-milk-cartons|
|2021|Champlain Chocolate Company|Champlain Chocolate Company|01/16/2021|Select LLC Milk Chocolate Products|Potential Foreign Objects - Brittle Plastic Pieces|https://www.fda.gov/safety/recalls-market-withdrawals-safety-alerts/potential-foreign-object-recall-lake-champlain-chocolates-issues-voluntary-recall-selected-milk|
|2021|LOTUS Edge&#x2122; Aortic Valve System|Boston Scientific Corporation|01/11/2021|LOTUS Edge&#x2122; Aortic Valve System|Delivery System Issues Potential inability to release the delivery system|https://www.fda.gov/safety/recalls-market-withdrawals-safety-alerts/boston-scientific-announces-lotus-edgetm-aortic-valve-system-voluntary-recall-and-product|
|2021|LAVVA|EVR Foods Inc.|01/11/2021|Blueberry Plant-Based Yogurt|Potential for Mold|https://www.fda.gov/safety/recalls-market-withdrawals-safety-alerts/lavva-voluntarily-recalls-single-lot-blueberry-plant-based-yogurt|
|2021|Sportmix, Nunn Better, ProPac, and Others|Midwestern Pet Foods Inc.|01/11/2021|Dog and Cat Pet Food|Aflatoxin Levels Exceed Acceptable Levels|https://www.fda.gov/safety/recalls-market-withdrawals-safety-alerts/midwestern-pet-foods-voluntarily-expands-recall-pet-food-aflatoxin-health-risk|
|2021|Weis, Klein&#x2019;s, Nelson&#x2019;s|Weis Markets|01/10/2021|Ice cream products|May be contaminated with extraneous material|https://www.fda.gov/safety/recalls-market-withdrawals-safety-alerts/weis-markets-issues-recall-possible-foreign-matter-contamination-weis-ice-cream-products|
|2021|Fresenius Kabi|Fresenius Kabi USA|01/08/2021|Ketorolac Tromethamine Injection, USP, 30 mg&#x2f;mL|Presence of particulate matter|https://www.fda.gov/safety/recalls-market-withdrawals-safety-alerts/fresenius-kabi-issues-voluntary-nationwide-recall-ketorolac-tromethamine-injection-usp-due-presence|
|2021|Dole|Dole Fresh Vegetables, Inc.|01/05/2021|Sesame Asian Chopped Salad Kit|Undeclared eggs|https://www.fda.gov/safety/recalls-market-withdrawals-safety-alerts/dole-fresh-vegetables-announces-limited-voluntary-recall-doletm-sesame-asian-chopped-salad-kit-due|
|2021|Soho Fresh|Essaar Inc.|01/04/2021|70&#x25; Rubbing Alcohol|Contaminated with Methanol|https://www.fda.gov/safety/recalls-market-withdrawals-safety-alerts/essaar-inc-issues-voluntary-nationwide-recall-rubbing-alcohol-contaminated-methanol|
|2021|Nostrum Laboratories|Nostrum Laboratories|01/04/2021|Metformin HCl Extended Release Tablets, USP 750 mg|NDMA exceeds acceptable daily intake limit|https://www.fda.gov/safety/recalls-market-withdrawals-safety-alerts/nostrum-laboratories-inc-expands-voluntary-nationwide-recall-metformin-hcl-extended-release-tablets|
